,Title,Story,Clusters,Actual Clusters,Right(0)/Wrong(1)
0,fed offici say weak data caus weather slow taper,ddUyU0VZz0BRneMioxUPQVP6sIxvM,14,14,1
1,fed charl plosser see high bar chang pace taper,ddUyU0VZz0BRneMioxUPQVP6sIxvM,14,14,1
2,us open stock fall fed offici hint acceler taper,ddUyU0VZz0BRneMioxUPQVP6sIxvM,14,14,1
3,fed risk fall behind curv charl plosser say,ddUyU0VZz0BRneMioxUPQVP6sIxvM,14,14,1
4,fed plosser nasti weather curb job growth,ddUyU0VZz0BRneMioxUPQVP6sIxvM,14,14,1
5,plosser fed may acceler taper pace,ddUyU0VZz0BRneMioxUPQVP6sIxvM,14,14,1
6,fed plosser taper pace may slow,ddUyU0VZz0BRneMioxUPQVP6sIxvM,14,14,1
7,fed plosser expect us unemploy fall end,ddUyU0VZz0BRneMioxUPQVP6sIxvM,14,14,1
8,us job growth last month hit weather fed presid charl plosser,ddUyU0VZz0BRneMioxUPQVP6sIxvM,14,14,1
9,ecb unlik end sterilis smp purchas trader,dPhGU51DcrolUIMxbRm0InaHGA2XM,20,20,1
10,ecb unlik end steril smp purchas trader,dPhGU51DcrolUIMxbRm0InaHGA2XM,20,20,1
11,eu half bake bank union could work,dPhGU51DcrolUIMxbRm0InaHGA2XM,10,20,0
12,europ reach crunch point bank union,dPhGU51DcrolUIMxbRm0InaHGA2XM,10,20,0
13,ecb focu stronger euro drown ecb messag keep rate low,dPhGU51DcrolUIMxbRm0InaHGA2XM,20,20,1
14,eu aim deal tackl fail bank,dPhGU51DcrolUIMxbRm0InaHGA2XM,10,20,0
15,forex pound drop one month low euro,dPhGU51DcrolUIMxbRm0InaHGA2XM,20,20,1
16,noyer say strong euro creat unwarr econom pressur,dPhGU51DcrolUIMxbRm0InaHGA2XM,20,20,1
17,eu week ahead march bank resolut transpar ukrain,dPhGU51DcrolUIMxbRm0InaHGA2XM,13,20,0
18,ecb member noyer open kind tool,dPhGU51DcrolUIMxbRm0InaHGA2XM,20,20,1
19,euro anxieti wane bund top treasuri spain debt ralli,dPhGU51DcrolUIMxbRm0InaHGA2XM,13,20,0
20,noyer say stronger euro creat unwarr pressur economi,dPhGU51DcrolUIMxbRm0InaHGA2XM,20,20,1
21,bad loan trigger key featur ecb bank test announc sourc,dPhGU51DcrolUIMxbRm0InaHGA2XM,20,20,1
22,china trade deficit structur worri europ among main issu,dPhGU51DcrolUIMxbRm0InaHGA2XM,13,20,0
23,thing need know morn,dPhGU51DcrolUIMxbRm0InaHGA2XM,6,20,0
24,ecb noyer happi euro strength updat,dPhGU51DcrolUIMxbRm0InaHGA2XM,20,20,1
25,eurozon bank sovereign exposur hit new high,dPhGU51DcrolUIMxbRm0InaHGA2XM,4,20,0
26,ecb reveal bad loan hurdl euro zone bank test,dPhGU51DcrolUIMxbRm0InaHGA2XM,20,20,1
27,forex market eur usd retreat year high stronger euro seen,dPhGU51DcrolUIMxbRm0InaHGA2XM,20,20,1
28,refil bad loan trigger key featur ecb bank test announc sourc,dPhGU51DcrolUIMxbRm0InaHGA2XM,20,20,1
29,updat ecb reveal bad loan hurdl euro zone bank test sourc,dPhGU51DcrolUIMxbRm0InaHGA2XM,20,20,1
30,ecb reveal bad loan hurdl euro zone bank test sourc,dPhGU51DcrolUIMxbRm0InaHGA2XM,20,20,1
31,ecb requir tougher call bad loan definit,dPhGU51DcrolUIMxbRm0InaHGA2XM,20,20,1
32,ecb reveal bad loan hurdl bank test,dPhGU51DcrolUIMxbRm0InaHGA2XM,20,20,1
33,thing need know open bell,dPhGU51DcrolUIMxbRm0InaHGA2XM,6,20,0
34,central bank must contain threat low price ecb noyer,dPhGU51DcrolUIMxbRm0InaHGA2XM,20,20,1
35,updat central bank must contain threat low price noyer,dPhGU51DcrolUIMxbRm0InaHGA2XM,20,20,1
36,ecb noyer say happi euro rise,dPhGU51DcrolUIMxbRm0InaHGA2XM,20,20,1
37,ecb noyer low inflat may hamper adjust,dPhGU51DcrolUIMxbRm0InaHGA2XM,20,20,1
38,ecb christian noyer say happi euro rise,dPhGU51DcrolUIMxbRm0InaHGA2XM,20,20,1
39,sterl one month low ecb polici stanc lift euro,dPhGU51DcrolUIMxbRm0InaHGA2XM,20,20,1
40,eu aim deal tackl fail bank next week,dPhGU51DcrolUIMxbRm0InaHGA2XM,10,20,0
41,fail bank focu eu talk,dPhGU51DcrolUIMxbRm0InaHGA2XM,10,20,0
42,busi growth euro zone rise month high,dPhGU51DcrolUIMxbRm0InaHGA2XM,20,20,1
43,poke eurozon bear,dPhGU51DcrolUIMxbRm0InaHGA2XM,4,20,0
44,ecb unlock door euro strength data allow,dPhGU51DcrolUIMxbRm0InaHGA2XM,20,20,1
45,omega cooperman say ebay spin portion paypal cnbc,dxyGGb4iN9Cs9aMZTKQpJeoiQfruM,8,8,1
46,ebay icahn talk smack,dxyGGb4iN9Cs9aMZTKQpJeoiQfruM,8,8,1
47,way,dxyGGb4iN9Cs9aMZTKQpJeoiQfruM,8,8,1
48,ebay spin paypal make sens,dxyGGb4iN9Cs9aMZTKQpJeoiQfruM,8,8,1
49,carl icahn rift hurt ebay ebay,dxyGGb4iN9Cs9aMZTKQpJeoiQfruM,8,8,1
50,ebay reject icahn slate director,dxyGGb4iN9Cs9aMZTKQpJeoiQfruM,8,8,1
51,carl icahn ebay sharehold lost billion ceo,dxyGGb4iN9Cs9aMZTKQpJeoiQfruM,8,8,1
52,ebay sharehold vote icahn nomine,dxyGGb4iN9Cs9aMZTKQpJeoiQfruM,8,8,1
53,ebay reject icahn board nomine ask investor,dxyGGb4iN9Cs9aMZTKQpJeoiQfruM,8,8,1
54,icahn target ebay chief donaho compani reject board slate,dxyGGb4iN9Cs9aMZTKQpJeoiQfruM,8,8,1
55,tech stock ebay icahn keep trade punch,dxyGGb4iN9Cs9aMZTKQpJeoiQfruM,8,8,1
56,ebay ask sharehold vote carl icahn board nomine,dxyGGb4iN9Cs9aMZTKQpJeoiQfruM,8,8,1
57,ebay ask sharehold vote icahn board nomine,dxyGGb4iN9Cs9aMZTKQpJeoiQfruM,8,8,1
58,ebay icahn keep trade punch,dxyGGb4iN9Cs9aMZTKQpJeoiQfruM,8,8,1
59,ebay reject icahn board pick activist strike,dxyGGb4iN9Cs9aMZTKQpJeoiQfruM,8,8,1
60,ebay ask sharehold vote paypal split icahn claim ceo,dxyGGb4iN9Cs9aMZTKQpJeoiQfruM,8,8,1
61,ebay reject carl icahn director nomine urg reelect director,dxyGGb4iN9Cs9aMZTKQpJeoiQfruM,8,8,1
62,ebay ceo donaho pay drop million,dxyGGb4iN9Cs9aMZTKQpJeoiQfruM,8,8,1
63,ebay reject carl icahn board nomine say attack fals,dxyGGb4iN9Cs9aMZTKQpJeoiQfruM,8,8,1
64,ebay reject carl icahn board nomine ask investor,dxyGGb4iN9Cs9aMZTKQpJeoiQfruM,8,8,1
65,ebay john donaho talk icahn conflict stock price someday,dxyGGb4iN9Cs9aMZTKQpJeoiQfruM,8,8,1
66,ebay urgest sharehold reject icahn board nomine,dxyGGb4iN9Cs9aMZTKQpJeoiQfruM,8,8,1
67,carl icahn slam ebay ceo,dxyGGb4iN9Cs9aMZTKQpJeoiQfruM,8,8,1
68,icahn claim inexcus incompet ebay ceo cost stockhold billion,dxyGGb4iN9Cs9aMZTKQpJeoiQfruM,8,8,1
69,updat ebay reject icahn board nomine ask investor,dxyGGb4iN9Cs9aMZTKQpJeoiQfruM,8,8,1
70,ebay reject icahn board nomine urg investor,dxyGGb4iN9Cs9aMZTKQpJeoiQfruM,8,8,1
71,carl icahn donaho cost ebay investor b,dxyGGb4iN9Cs9aMZTKQpJeoiQfruM,8,8,1
72,ebay urg sharehold vote icahn board nomine,dxyGGb4iN9Cs9aMZTKQpJeoiQfruM,8,8,1
73,ebay ask stockhold oppos icahn nomine,dxyGGb4iN9Cs9aMZTKQpJeoiQfruM,8,8,1
74,ebay say carl icahn board pick qualifi,dxyGGb4iN9Cs9aMZTKQpJeoiQfruM,8,8,1
75,mcdonald struggl worsen snow,d4lvRcSzuglGdFMmqvT6ZGcG8vDlM,16,16,1
76,food mcdonald game plan win back custom,d4lvRcSzuglGdFMmqvT6ZGcG8vDlM,16,16,1
77,mcdonald report drop februari global sale,d4lvRcSzuglGdFMmqvT6ZGcG8vDlM,16,16,1
78,mcdonald game plan win back custom,d4lvRcSzuglGdFMmqvT6ZGcG8vDlM,16,16,1
79,mcdonald sale declin chain look adapt chang tast,d4lvRcSzuglGdFMmqvT6ZGcG8vDlM,16,16,1
80,thing watch mcdonald fight boost us sale,d4lvRcSzuglGdFMmqvT6ZGcG8vDlM,16,16,1
81,mcdonald sale dip amid shift eat habit,d4lvRcSzuglGdFMmqvT6ZGcG8vDlM,16,16,1
82,mcdonald sale dip amid shift eat habit worsen snow,d4lvRcSzuglGdFMmqvT6ZGcG8vDlM,16,16,1
83,mcdonald februari us sale chill weather,d4lvRcSzuglGdFMmqvT6ZGcG8vDlM,16,16,1
84,mcdonald us sale fall per cent februari chain look adapt,d4lvRcSzuglGdFMmqvT6ZGcG8vDlM,16,16,1
85,mcdonald corpor mcd februari sale result declin,d4lvRcSzuglGdFMmqvT6ZGcG8vDlM,16,16,1
86,mcdonald tri build burger menu,d4lvRcSzuglGdFMmqvT6ZGcG8vDlM,16,16,1
87,mcdonald us sale continu struggl februari,d4lvRcSzuglGdFMmqvT6ZGcG8vDlM,16,16,1
88,piec chicken nugget help mcdonald revers us sale declin,d4lvRcSzuglGdFMmqvT6ZGcG8vDlM,16,16,1
89,burn mcdonald busi heat februari,d4lvRcSzuglGdFMmqvT6ZGcG8vDlM,17,16,0
90,mcdonald februari restaur sale fall,d4lvRcSzuglGdFMmqvT6ZGcG8vDlM,16,16,1
91,mcdonald post weak februari sale result,d4lvRcSzuglGdFMmqvT6ZGcG8vDlM,16,16,1
92,updat mcdonald us sale continu struggl februari,d4lvRcSzuglGdFMmqvT6ZGcG8vDlM,16,16,1
93,mcdonald sale slip american eat habit shift,d4lvRcSzuglGdFMmqvT6ZGcG8vDlM,16,16,1
94,five guy chipotl continu take bite mcdonald sale,d4lvRcSzuglGdFMmqvT6ZGcG8vDlM,16,16,1
95,mcdonald report lower us sale amid bitter cold winter,d4lvRcSzuglGdFMmqvT6ZGcG8vDlM,16,16,1
96,mcdonald lovin us sale,d4lvRcSzuglGdFMmqvT6ZGcG8vDlM,16,16,1
97,mcdonald report percent drop februari sale u percent,d4lvRcSzuglGdFMmqvT6ZGcG8vDlM,16,16,1
98,mcdonald februari sale slip us weak,d4lvRcSzuglGdFMmqvT6ZGcG8vDlM,16,16,1
99,mcdonald februari restaur sale fall percent,d4lvRcSzuglGdFMmqvT6ZGcG8vDlM,16,16,1
100,mcdonald sale tank februari,d4lvRcSzuglGdFMmqvT6ZGcG8vDlM,16,16,1
101,mcdonald sale slump fourth straight month,d4lvRcSzuglGdFMmqvT6ZGcG8vDlM,16,16,1
102,mcdonald blame weak sale weather,d4lvRcSzuglGdFMmqvT6ZGcG8vDlM,16,16,1
103,mcdonald februari sale threaten first quarter margin,d4lvRcSzuglGdFMmqvT6ZGcG8vDlM,16,16,1
104,mcdonald us sale fall per cent februari hamper bad,d4lvRcSzuglGdFMmqvT6ZGcG8vDlM,16,16,1
105,mcdonald report februari global compar sale,d4lvRcSzuglGdFMmqvT6ZGcG8vDlM,16,16,1
106,stock market live blog p retreat record downbeat china data,dchKRTV8vDviyCMH_lfUDTuFThh_M,13,6,0
107,wall street edg lower record boe drag,dchKRTV8vDviyCMH_lfUDTuFThh_M,13,6,0
108,five year stock meltdown cleveland area compani,dchKRTV8vDviyCMH_lfUDTuFThh_M,13,6,0
109,weak china export weigh stock hit commod,dchKRTV8vDviyCMH_lfUDTuFThh_M,13,6,0
110,earn season dow earli look,dchKRTV8vDviyCMH_lfUDTuFThh_M,13,6,0
111,us stock dip weak asian data ukrain,dchKRTV8vDviyCMH_lfUDTuFThh_M,13,6,0
112,major averag climb low remain red,dchKRTV8vDviyCMH_lfUDTuFThh_M,13,6,0
113,disappoint chines trade data weigh wall street us commentari,dchKRTV8vDviyCMH_lfUDTuFThh_M,13,6,0
114,stock fall weak china export data,dchKRTV8vDviyCMH_lfUDTuFThh_M,13,6,0
115,global growth worri may pressur stock,dchKRTV8vDviyCMH_lfUDTuFThh_M,13,6,0
116,stock slip investor keep eye asia,dchKRTV8vDviyCMH_lfUDTuFThh_M,13,6,0
117,stock midday weak china export data,dchKRTV8vDviyCMH_lfUDTuFThh_M,13,6,0
118,midday market stat boe compani pressur dow jone industri,dchKRTV8vDviyCMH_lfUDTuFThh_M,13,6,0
119,wall street edg lower p record close,dchKRTV8vDviyCMH_lfUDTuFThh_M,13,6,0
120,wall st asian data,dchKRTV8vDviyCMH_lfUDTuFThh_M,13,6,0
121,stock market news march market news,dchKRTV8vDviyCMH_lfUDTuFThh_M,13,6,0
122,u stock open lower subdu trade dow jone,dchKRTV8vDviyCMH_lfUDTuFThh_M,13,6,0
123,stock see modest weak earli trade u commentari,dchKRTV8vDviyCMH_lfUDTuFThh_M,13,6,0
124,today stock market djia dow jone industri averag nasdaq p,dchKRTV8vDviyCMH_lfUDTuFThh_M,13,6,0
125,us stock open lower weak asian data ukrain,dchKRTV8vDviyCMH_lfUDTuFThh_M,13,6,0
126,stock slip slightli,dchKRTV8vDviyCMH_lfUDTuFThh_M,13,6,0
127,major averag post modest loss earli trade,dchKRTV8vDviyCMH_lfUDTuFThh_M,13,6,0
128,wall street edg lower record,dchKRTV8vDviyCMH_lfUDTuFThh_M,13,6,0
129,us stock wall street edg lower record boe drag,dchKRTV8vDviyCMH_lfUDTuFThh_M,13,6,0
130,bull market celebr th birthday parti,dchKRTV8vDviyCMH_lfUDTuFThh_M,13,6,0
131,market snapshot us stock held back china last week move,dchKRTV8vDviyCMH_lfUDTuFThh_M,13,6,0
132,market hustl stock fall weak asian data ukrain ga tension,dchKRTV8vDviyCMH_lfUDTuFThh_M,13,6,0
133,asia worri send stock slide,dchKRTV8vDviyCMH_lfUDTuFThh_M,13,6,0
134,us stock open lower weak asian data,dchKRTV8vDviyCMH_lfUDTuFThh_M,13,6,0
135,stock fall slightli open,dchKRTV8vDviyCMH_lfUDTuFThh_M,13,6,0
136,dow jone industri averag year stock market crash anniversari direxion,dchKRTV8vDviyCMH_lfUDTuFThh_M,13,6,0
137,dow averag sinc,dchKRTV8vDviyCMH_lfUDTuFThh_M,13,6,0
138,wall st open lower p record close,dchKRTV8vDviyCMH_lfUDTuFThh_M,13,6,0
139,us stock snapshot wall st open lower p record close,dchKRTV8vDviyCMH_lfUDTuFThh_M,13,6,0
140,buyer bewar bull market lift stock,dchKRTV8vDviyCMH_lfUDTuFThh_M,13,6,0
141,us stock held back china last week move,dchKRTV8vDviyCMH_lfUDTuFThh_M,13,6,0
142,dow jone transport averag push higher,dchKRTV8vDviyCMH_lfUDTuFThh_M,13,6,0
143,futur point lower open wall street,dchKRTV8vDviyCMH_lfUDTuFThh_M,13,6,0
144,dow jone industri averag gain last week,dchKRTV8vDviyCMH_lfUDTuFThh_M,13,6,0
145,stock may come pressur disappoint chines data u,dchKRTV8vDviyCMH_lfUDTuFThh_M,13,6,0
146,wall street open lower p record close,dchKRTV8vDviyCMH_lfUDTuFThh_M,13,6,0
147,u futur mix lower chines data weigh dow jone,dchKRTV8vDviyCMH_lfUDTuFThh_M,13,6,0
148,market analysi global growth worri may pressur stock,dchKRTV8vDviyCMH_lfUDTuFThh_M,13,6,0
149,stock futur edg lower weak chines export data,dchKRTV8vDviyCMH_lfUDTuFThh_M,13,6,0
150,stock market news march,dchKRTV8vDviyCMH_lfUDTuFThh_M,13,6,0
151,market hustl stock futur slide amid weak china trade data,dchKRTV8vDviyCMH_lfUDTuFThh_M,13,6,0
152,today stock market news earn calendar,dchKRTV8vDviyCMH_lfUDTuFThh_M,13,6,0
153,us stock wall st dip open record china data,dchKRTV8vDviyCMH_lfUDTuFThh_M,13,6,0
154,us futur lower record high,dchKRTV8vDviyCMH_lfUDTuFThh_M,13,6,0
155,stock futur dip asia selloff,dchKRTV8vDviyCMH_lfUDTuFThh_M,13,6,0
156,dow jone industri averag point lower data china japan disappoint,dchKRTV8vDviyCMH_lfUDTuFThh_M,13,6,0
157,stock futur slip weak china data,dchKRTV8vDviyCMH_lfUDTuFThh_M,13,6,0
158,us stock futur edg lower record high china data,dchKRTV8vDviyCMH_lfUDTuFThh_M,13,6,0
159,uncertain mood prevail wall street,dchKRTV8vDviyCMH_lfUDTuFThh_M,13,6,0
160,futur suggest slow start follow mix week quarterli earn,dchKRTV8vDviyCMH_lfUDTuFThh_M,13,6,0
161,stock futur eas chines trade payrol compet,dchKRTV8vDviyCMH_lfUDTuFThh_M,13,6,0
162,chase stock five year old bull,dchKRTV8vDviyCMH_lfUDTuFThh_M,13,6,0
163,open bell march asian market slump,dchKRTV8vDviyCMH_lfUDTuFThh_M,13,6,0
164,predict new week,dchKRTV8vDviyCMH_lfUDTuFThh_M,13,6,0
165,dow hate stock,dchKRTV8vDviyCMH_lfUDTuFThh_M,13,6,0
166,week top dow stock,dchKRTV8vDviyCMH_lfUDTuFThh_M,13,6,0
167,bull market rival half valuat demand broaden,dI9ljXtoQ1MVO0MS9Jal_UwOprebM,9,11,0
168,bull still charg five year,dI9ljXtoQ1MVO0MS9Jal_UwOprebM,13,11,0
169,secular bull market aris shadow,dI9ljXtoQ1MVO0MS9Jal_UwOprebM,13,11,0
170,u stock index futur littl chang p record,dI9ljXtoQ1MVO0MS9Jal_UwOprebM,13,11,0
171,us stock fall commod share lead drop china,dI9ljXtoQ1MVO0MS9Jal_UwOprebM,13,11,0
172,winner loser bull market,dI9ljXtoQ1MVO0MS9Jal_UwOprebM,13,11,0
173,despit obstacl bull market turn,dI9ljXtoQ1MVO0MS9Jal_UwOprebM,13,11,0
174,come next bull market turn five,dI9ljXtoQ1MVO0MS9Jal_UwOprebM,13,11,0
175,happi th birthday bull market,dI9ljXtoQ1MVO0MS9Jal_UwOprebM,13,11,0
176,morn moneybeat bull market make six,dI9ljXtoQ1MVO0MS9Jal_UwOprebM,13,11,0
177,bull market meant europ,dI9ljXtoQ1MVO0MS9Jal_UwOprebM,13,11,0
178,despit crise year bull market may keep run,dI9ljXtoQ1MVO0MS9Jal_UwOprebM,13,11,0
179,despit mani obstacl bull market run turn,dI9ljXtoQ1MVO0MS9Jal_UwOprebM,13,11,0
180,despit sever obstacl bull market make year,dI9ljXtoQ1MVO0MS9Jal_UwOprebM,13,11,0
181,bull market charg sixth year,dI9ljXtoQ1MVO0MS9Jal_UwOprebM,13,11,0
182,bull market turn break bubbl,dI9ljXtoQ1MVO0MS9Jal_UwOprebM,13,11,0
183,bull market mark th birthday,dI9ljXtoQ1MVO0MS9Jal_UwOprebM,13,11,0
184,best stock bull market,dI9ljXtoQ1MVO0MS9Jal_UwOprebM,13,11,0
185,worst stock bull market,dI9ljXtoQ1MVO0MS9Jal_UwOprebM,13,11,0
186,bull stock go,dI9ljXtoQ1MVO0MS9Jal_UwOprebM,13,11,0
187,bull market celebr th birthday fourth longest run p stock sinc,dI9ljXtoQ1MVO0MS9Jal_UwOprebM,13,11,0
188,happi birthday bull,dI9ljXtoQ1MVO0MS9Jal_UwOprebM,13,11,0
189,huge year fund return misl,dI9ljXtoQ1MVO0MS9Jal_UwOprebM,3,11,0
190,bull market still sizzl,dI9ljXtoQ1MVO0MS9Jal_UwOprebM,13,11,0
191,five year anniversari stock market crash week,dI9ljXtoQ1MVO0MS9Jal_UwOprebM,13,11,0
192,stock mark five year anniversari low record high,dI9ljXtoQ1MVO0MS9Jal_UwOprebM,13,11,0
193,stock bull market need live th year,dI9ljXtoQ1MVO0MS9Jal_UwOprebM,13,11,0
194,bitcoin exchang mt gox seek us bankruptci relief,d85PwV5UxEUaHMM0to00pLgkAXkbM,17,17,1
195,mt gox file us bankruptci halt class action,d85PwV5UxEUaHMM0to00pLgkAXkbM,17,17,1
196,bitcoin exchang mt gox file us bankruptci protect,d85PwV5UxEUaHMM0to00pLgkAXkbM,17,17,1
197,hacker claim mt gox ceo mark karpel held stolen custom bitcoin,d85PwV5UxEUaHMM0to00pLgkAXkbM,17,17,1
198,mt gox file us chapter bankruptci,d85PwV5UxEUaHMM0to00pLgkAXkbM,17,17,1
199,get gox mt gox us bankruptci hacker attack,d85PwV5UxEUaHMM0to00pLgkAXkbM,17,17,1
200,report mt gox ceo hold stolen bitcoin,d85PwV5UxEUaHMM0to00pLgkAXkbM,17,17,1
201,mt gox saga got way twist,d85PwV5UxEUaHMM0to00pLgkAXkbM,5,17,0
202,hacker take mt gox ceo blog post claim evid fraud,d85PwV5UxEUaHMM0to00pLgkAXkbM,17,17,1
203,updat mt gox file us bankruptci halt class action,d85PwV5UxEUaHMM0to00pLgkAXkbM,17,17,1
204,mt gox chief stole bitcoin hacker claim,d85PwV5UxEUaHMM0to00pLgkAXkbM,17,17,1
205,mt gox file us bankruptci,d85PwV5UxEUaHMM0to00pLgkAXkbM,17,17,1
206,mt gox file chapter bankruptci protect us,d85PwV5UxEUaHMM0to00pLgkAXkbM,17,17,1
207,anonym hacker claim mtgox still stolen bitcoin,d85PwV5UxEUaHMM0to00pLgkAXkbM,17,17,1
208,mt gox file chapter bankruptci us,d85PwV5UxEUaHMM0to00pLgkAXkbM,17,17,1
209,mt gox bitcoin exchang file bankruptci u hacker reveal,d85PwV5UxEUaHMM0to00pLgkAXkbM,17,17,1
210,hacker alleg mt gox head control stolen bitcoin fraud commit,d85PwV5UxEUaHMM0to00pLgkAXkbM,17,17,1
211,mt gox file us bankruptci protect,d85PwV5UxEUaHMM0to00pLgkAXkbM,17,17,1
212,mt gox seek us court protect japan bankruptci,d85PwV5UxEUaHMM0to00pLgkAXkbM,17,17,1
213,bitcoin exchang mt gox file bankruptci us,d85PwV5UxEUaHMM0to00pLgkAXkbM,17,17,1
214,hacker claim bankrupt mt gox still custom bitcoin,d85PwV5UxEUaHMM0to00pLgkAXkbM,17,17,1
215,hacker accus mt gox pocket user bitcoin,d85PwV5UxEUaHMM0to00pLgkAXkbM,17,17,1
216,rpt mt gox file us bankruptci protect,d85PwV5UxEUaHMM0to00pLgkAXkbM,17,17,1
217,mt gox seek u court shield japan bankruptci,d85PwV5UxEUaHMM0to00pLgkAXkbM,17,17,1
218,bitcoin exchang seek u bankruptci protect,d85PwV5UxEUaHMM0to00pLgkAXkbM,17,17,1
219,hacker leak mt gox databas reveal blog former ceo,d85PwV5UxEUaHMM0to00pLgkAXkbM,17,17,1
220,hacker accus mt gox bitcoin fraud hack,d85PwV5UxEUaHMM0to00pLgkAXkbM,17,17,1
221,bitcoin mt gox crash hacker claim mark karpel lie bitcoin balanc,d85PwV5UxEUaHMM0to00pLgkAXkbM,17,17,1
222,mtgox fraud evid hack publish complet bitcoin wallet,d85PwV5UxEUaHMM0to00pLgkAXkbM,17,17,1
223,mt gox botcoin exchang file bankruptci us,d85PwV5UxEUaHMM0to00pLgkAXkbM,17,17,1
224,hacker claim mt gox sat stolen bitcoin,d85PwV5UxEUaHMM0to00pLgkAXkbM,17,17,1
225,mt gox file us bankruptci amid new hacker claim,d85PwV5UxEUaHMM0to00pLgkAXkbM,17,17,1
226,hack doc prove mtgox million bitcoin claim blog snatcher,d85PwV5UxEUaHMM0to00pLgkAXkbM,17,17,1
227,mt gox file bankruptci us,d85PwV5UxEUaHMM0to00pLgkAXkbM,17,17,1
228,mtgox boss mark karpel target hacker,d85PwV5UxEUaHMM0to00pLgkAXkbM,17,17,1
229,mtgox fraud detail ceo hack blog,d85PwV5UxEUaHMM0to00pLgkAXkbM,17,17,1
230,mt gox stolen bitcoin million,d85PwV5UxEUaHMM0to00pLgkAXkbM,17,17,1
231,mt gox ceo still control stolen bitcoin,d85PwV5UxEUaHMM0to00pLgkAXkbM,17,17,1
232,hacker claim evid fraud surround mt gox closur,d85PwV5UxEUaHMM0to00pLgkAXkbM,17,17,1
233,mt gox mark karpel target alleg bitcoin hack,d85PwV5UxEUaHMM0to00pLgkAXkbM,17,17,1
234,bitcoin exchang mt gox file us bankruptci,d85PwV5UxEUaHMM0to00pLgkAXkbM,17,17,1
235,daili docket mt gox file chapter,d85PwV5UxEUaHMM0to00pLgkAXkbM,17,17,1
236,hacker dox mt gox ceo say proof fraud,d85PwV5UxEUaHMM0to00pLgkAXkbM,17,17,1
237,mt gox ceo blog hack allegedli reveal compani true bitcoin balanc,d85PwV5UxEUaHMM0to00pLgkAXkbM,17,17,1
238,trust bitcoin,d85PwV5UxEUaHMM0to00pLgkAXkbM,12,17,0
239,mt gox ceo person blog hack,d85PwV5UxEUaHMM0to00pLgkAXkbM,17,17,1
240,mt gox custom hack karpal account post evid alleg fraud,d85PwV5UxEUaHMM0to00pLgkAXkbM,17,17,1
241,bitcoin credibl balanc woe spread,d85PwV5UxEUaHMM0to00pLgkAXkbM,15,17,0
242,australian bitcoin trader burnt mt gox crash,d85PwV5UxEUaHMM0to00pLgkAXkbM,17,17,1
243,hacker call mt gox ceo liar say still control stolen bitcoin,d85PwV5UxEUaHMM0to00pLgkAXkbM,17,17,1
244,mt gox face attack per second report,d85PwV5UxEUaHMM0to00pLgkAXkbM,17,17,1
245,mt gox file chapter u,d85PwV5UxEUaHMM0to00pLgkAXkbM,17,17,1
246,bitcoin exchang mt gox hit ddo attack per second,d85PwV5UxEUaHMM0to00pLgkAXkbM,17,17,1
247,hacker allegedli hit mt gox ceo blog post balanc remain bitcoin,d85PwV5UxEUaHMM0to00pLgkAXkbM,17,17,1
248,hacker hit web account mtgox boss,d85PwV5UxEUaHMM0to00pLgkAXkbM,17,17,1
249,hacker reveal mt gox face behind mask,d85PwV5UxEUaHMM0to00pLgkAXkbM,17,17,1
250,mt gox ceo blog goe blank alleg hack,d85PwV5UxEUaHMM0to00pLgkAXkbM,17,17,1
251,bankrupt exchang mt gox still million bitcoin hacker claim,d85PwV5UxEUaHMM0to00pLgkAXkbM,17,17,1
252,hacker alleg mt gox ceo still control stolen bitcoin,d85PwV5UxEUaHMM0to00pLgkAXkbM,17,17,1
253,hacker claim mt gox still sit bitcoin,d85PwV5UxEUaHMM0to00pLgkAXkbM,17,17,1
254,cryptocurr news round mt gox lie bitcoin gun store dogecoin,d85PwV5UxEUaHMM0to00pLgkAXkbM,21,17,0
255,hacker claim mtgox still access miss bitcoin,d85PwV5UxEUaHMM0to00pLgkAXkbM,17,17,1
256,mt gox face ddo attack per second ahead crash report,d85PwV5UxEUaHMM0to00pLgkAXkbM,17,17,1
257,mt gox ceo blog hack databas leak claim k bitcoin,d85PwV5UxEUaHMM0to00pLgkAXkbM,17,17,1
258,hacker break mt gox ceo blog reveal custom bitcoin balanc,d85PwV5UxEUaHMM0to00pLgkAXkbM,17,17,1
259,bitcoin exchang mtgox face attack per second,d85PwV5UxEUaHMM0to00pLgkAXkbM,17,17,1
260,bitcoin exchang face mountain hacker attack,d85PwV5UxEUaHMM0to00pLgkAXkbM,17,17,1
261,mt gox ceo blog hack,d85PwV5UxEUaHMM0to00pLgkAXkbM,17,17,1
262,op ed onlin exchang lehman term ebay rescu,d85PwV5UxEUaHMM0to00pLgkAXkbM,12,17,0
263,investor warn bet digit currenc,d85PwV5UxEUaHMM0to00pLgkAXkbM,17,17,1
264,bitcoin oversight volatil uncertainti,d85PwV5UxEUaHMM0to00pLgkAXkbM,15,17,0
265,investor warn invest digit currenc,d85PwV5UxEUaHMM0to00pLgkAXkbM,17,17,1
266,q bitcoin,d85PwV5UxEUaHMM0to00pLgkAXkbM,17,17,1
267,mt gox hacker post bitcoin balanc ceo blog,d85PwV5UxEUaHMM0to00pLgkAXkbM,17,17,1
268,mt gox field massiv ddo attack collaps,d85PwV5UxEUaHMM0to00pLgkAXkbM,17,17,1
269,mt gox hack allegedli reveal bitcoin balanc custom account total,d85PwV5UxEUaHMM0to00pLgkAXkbM,17,17,1
270,report mt gox hit k time per second ddo attack theft,d85PwV5UxEUaHMM0to00pLgkAXkbM,17,17,1
271,mt gox collaps shatter bitcoin myth virtual money,d85PwV5UxEUaHMM0to00pLgkAXkbM,17,17,1
272,hacker attack bankrupt bitcoin exchang,d85PwV5UxEUaHMM0to00pLgkAXkbM,17,17,1
273,hacker claim publish evid fraud bitcoin exchang mt gox,d85PwV5UxEUaHMM0to00pLgkAXkbM,17,17,1
274,massiv hack attack reveal,d85PwV5UxEUaHMM0to00pLgkAXkbM,17,17,1
275,mt gox ceo blog hack alleg bitcoin balanc post,d85PwV5UxEUaHMM0to00pLgkAXkbM,17,17,1
276,mt gox face attack per second,d85PwV5UxEUaHMM0to00pLgkAXkbM,17,17,1
277,anonym hacker uncov alleg proof mtgox fraud site ceo,d85PwV5UxEUaHMM0to00pLgkAXkbM,17,17,1
278,bitcoin enthusiasm weather chaotic week,d85PwV5UxEUaHMM0to00pLgkAXkbM,17,17,1
279,bitcoin exchang mtgox face hack attack everi second,d85PwV5UxEUaHMM0to00pLgkAXkbM,17,17,1
280,mtgox face attack second,d85PwV5UxEUaHMM0to00pLgkAXkbM,17,17,1
281,hacker hit mt gox exchang ceo claim publish evid fraud,d85PwV5UxEUaHMM0to00pLgkAXkbM,17,17,1
282,bitcoin enthusiast weather chaotic week,d85PwV5UxEUaHMM0to00pLgkAXkbM,17,17,1
283,state destroy bitcoin,d85PwV5UxEUaHMM0to00pLgkAXkbM,10,17,0
284,bitcoin mt gox,d85PwV5UxEUaHMM0to00pLgkAXkbM,17,17,1
285,currenc take bit bit northeast,d85PwV5UxEUaHMM0to00pLgkAXkbM,17,17,1
286,mt gox hit massiv ddo attack,d85PwV5UxEUaHMM0to00pLgkAXkbM,17,17,1
287,insid mt gox,d85PwV5UxEUaHMM0to00pLgkAXkbM,21,17,0
288,bitcoin exchang face hacker onslaught,d85PwV5UxEUaHMM0to00pLgkAXkbM,17,17,1
289,mtgox face k ddo attack per second say report,d85PwV5UxEUaHMM0to00pLgkAXkbM,17,17,1
290,bitcoin exchang mtgox face attack per second report,d85PwV5UxEUaHMM0to00pLgkAXkbM,17,17,1
291,mtgox face attack per second say report,d85PwV5UxEUaHMM0to00pLgkAXkbM,17,17,1
292,bitcoin refus flip,d85PwV5UxEUaHMM0to00pLgkAXkbM,17,17,1
293,bitcoin legal illeg currenc commod,d85PwV5UxEUaHMM0to00pLgkAXkbM,17,17,1
294,color money bitcoin trendi riski investor,d85PwV5UxEUaHMM0to00pLgkAXkbM,17,17,1
295,uk first bitcoin machin open east london cafe,d85PwV5UxEUaHMM0to00pLgkAXkbM,17,17,1
296,japan struggl understand bitcoin mt gox collaps,d85PwV5UxEUaHMM0to00pLgkAXkbM,17,17,1
297,bitcoin govern peopl,d85PwV5UxEUaHMM0to00pLgkAXkbM,17,17,1
298,uk first bitcoin machin open london tech hub,d85PwV5UxEUaHMM0to00pLgkAXkbM,17,17,1
299,bitcoin cash machin appear london tech citi,d85PwV5UxEUaHMM0to00pLgkAXkbM,17,17,1
300,bitcoin bank deposit secur,d85PwV5UxEUaHMM0to00pLgkAXkbM,17,17,1
301,post parvez jabri,d85PwV5UxEUaHMM0to00pLgkAXkbM,18,17,0
302,forget mt gox bitcoin still futur currenc,d85PwV5UxEUaHMM0to00pLgkAXkbM,17,17,1
303,uk first bitcoin machin open london cafe,d85PwV5UxEUaHMM0to00pLgkAXkbM,17,17,1
304,japan say bitcoin currenc amid call regul,d85PwV5UxEUaHMM0to00pLgkAXkbM,17,17,1
305,bank bitcoin,d85PwV5UxEUaHMM0to00pLgkAXkbM,17,17,1
306,japan say bitcoin currenc taxabl,d85PwV5UxEUaHMM0to00pLgkAXkbM,17,17,1
307,bitcoin use southwest florida busi,d85PwV5UxEUaHMM0to00pLgkAXkbM,17,17,1
308,week mt gox collaps japan struggl understand bitcoin,d85PwV5UxEUaHMM0to00pLgkAXkbM,17,17,1
309,bitcoin charg florida man may proceed judg rule,d85PwV5UxEUaHMM0to00pLgkAXkbM,17,17,1
310,imagin futur bitcoin,d85PwV5UxEUaHMM0to00pLgkAXkbM,13,17,0
311,land rise bitcoin japan realiz center,d85PwV5UxEUaHMM0to00pLgkAXkbM,13,17,0
312,bitcoin backer enjoy rise stake amid attack hacker,d85PwV5UxEUaHMM0to00pLgkAXkbM,13,17,0
313,digit currenc stay whether bitcoin someth els oliv,d85PwV5UxEUaHMM0to00pLgkAXkbM,17,17,1
314,major bank look bitcoin,d85PwV5UxEUaHMM0to00pLgkAXkbM,17,17,1
315,japanes govern come hard digit currenc bitcoin,d85PwV5UxEUaHMM0to00pLgkAXkbM,17,17,1
316,week mt gox collaps japan struggl understand,d85PwV5UxEUaHMM0to00pLgkAXkbM,17,17,1
317,uk first bitcoin digit cash machin goe live east london cafe,d85PwV5UxEUaHMM0to00pLgkAXkbM,17,17,1
318,uk first bitcoin cash machin launch shoreditch,d85PwV5UxEUaHMM0to00pLgkAXkbM,17,17,1
319,japan bitcoin money may tax,d85PwV5UxEUaHMM0to00pLgkAXkbM,17,17,1
320,mta worker kill hudson line train,dEMAAHOiiULKoTMlQ5PeakjabUaYM,2,2,1
321,death metro north worker track renew safeti concern,dEMAAHOiiULKoTMlQ5PeakjabUaYM,2,2,1
322,metro north worker kill train,dEMAAHOiiULKoTMlQ5PeakjabUaYM,2,2,1
323,metro north worker yonker kill struck train,dEMAAHOiiULKoTMlQ5PeakjabUaYM,2,2,1
324,metro north worker kill hudson line train head poughkeepsi,dEMAAHOiiULKoTMlQ5PeakjabUaYM,2,2,1
325,ntsb death metro north worker investig,dEMAAHOiiULKoTMlQ5PeakjabUaYM,2,2,1
326,metro north employe kill train harlem identifi,dEMAAHOiiULKoTMlQ5PeakjabUaYM,2,2,1
327,metro north worker struck kill train,dEMAAHOiiULKoTMlQ5PeakjabUaYM,2,2,1
328,metro north work kill harlem,dEMAAHOiiULKoTMlQ5PeakjabUaYM,2,2,1
329,metro north worker kill struck harlem line train,dEMAAHOiiULKoTMlQ5PeakjabUaYM,2,2,1
330,metro north track worker kill harlem,dEMAAHOiiULKoTMlQ5PeakjabUaYM,2,2,1
331,poughkeepsi bound metro north train strike kill railroad employe track,dEMAAHOiiULKoTMlQ5PeakjabUaYM,2,2,1
332,metro north railroad worker kill train manhattan,dEMAAHOiiULKoTMlQ5PeakjabUaYM,2,2,1
333,metro north worker struck kill train bound poughkeepsi,dEMAAHOiiULKoTMlQ5PeakjabUaYM,2,2,1
334,metro north worker struck kill east harlem train,dEMAAHOiiULKoTMlQ5PeakjabUaYM,2,2,1
335,metro north worker die hit train work track east,dEMAAHOiiULKoTMlQ5PeakjabUaYM,2,2,1
336,mta metro north employe struck kill east harlem,dEMAAHOiiULKoTMlQ5PeakjabUaYM,2,2,1
337,metro north worker kill work track nyc,dEMAAHOiiULKoTMlQ5PeakjabUaYM,2,2,1
338,metro north worker struck kill train nyc passeng resum trip,dEMAAHOiiULKoTMlQ5PeakjabUaYM,2,2,1
339,new york metro north worker struck kill train,dEMAAHOiiULKoTMlQ5PeakjabUaYM,2,2,1
340,track worker kill metro north train mta say,dEMAAHOiiULKoTMlQ5PeakjabUaYM,2,2,1
341,metro north employe struck kill train work track,dEMAAHOiiULKoTMlQ5PeakjabUaYM,2,2,1
342,metro north employe kill train manhattan,dEMAAHOiiULKoTMlQ5PeakjabUaYM,2,2,1
343,metro north worker struck kill train east harlem mta,dEMAAHOiiULKoTMlQ5PeakjabUaYM,2,2,1
344,question bill ackman herbalif profit motiv,dsxeQTqHzsYQzrM7usRl_Shtda-iM,7,7,1
345,persh squar feb,dsxeQTqHzsYQzrM7usRl_Shtda-iM,7,7,1
346,democrat donor william ackman conspir destroy herbalif win billion,dsxeQTqHzsYQzrM7usRl_Shtda-iM,7,7,1
347,press releas persh squar issu statement,dsxeQTqHzsYQzrM7usRl_Shtda-iM,7,7,1
348,ackman bet billion herbalif,dsxeQTqHzsYQzrM7usRl_Shtda-iM,7,7,1
349,herbalif hlf today,dsxeQTqHzsYQzrM7usRl_Shtda-iM,7,7,1
350,herbalif hlf say merit ackman accus,dsxeQTqHzsYQzrM7usRl_Shtda-iM,7,7,1
351,herbalif comment new york time report expos persh squar,dsxeQTqHzsYQzrM7usRl_Shtda-iM,7,7,1
352,reveal bill ackman lobbi bring compani,dsxeQTqHzsYQzrM7usRl_Shtda-iM,7,7,1
353,ackman herbalif,dsxeQTqHzsYQzrM7usRl_Shtda-iM,7,7,1
354,ackman anti herbalif lobbi detail,dsxeQTqHzsYQzrM7usRl_Shtda-iM,7,7,1
355,herbalif ltd hlf news herbalif need know fact come,dsxeQTqHzsYQzrM7usRl_Shtda-iM,7,7,1
356,persh squar present inform highlight herbalif illeg busi,dsxeQTqHzsYQzrM7usRl_Shtda-iM,7,7,1
357,ackman outspent herbalif lobbi battl,dsxeQTqHzsYQzrM7usRl_Shtda-iM,7,7,1
358,hedg fund engag herbalif multibillion dollar feud,dsxeQTqHzsYQzrM7usRl_Shtda-iM,7,7,1
359,herbalif ltd hlf spent lobbi bill ackman,dsxeQTqHzsYQzrM7usRl_Shtda-iM,7,7,1
360,weil financ bill ackman keep hope aliv,dsxeQTqHzsYQzrM7usRl_Shtda-iM,7,7,1
361,without trace,dsxeQTqHzsYQzrM7usRl_Shtda-iM,21,7,0
362,herbalif lobbi tab near million,dsxeQTqHzsYQzrM7usRl_Shtda-iM,7,7,1
363,gap fall fashion abercrombi pick pace,dsxeQTqHzsYQzrM7usRl_Shtda-iM,14,7,0
364,ackman dwarf herbalif spend lobbi battl,dsxeQTqHzsYQzrM7usRl_Shtda-iM,7,7,1
365,american airlin jetblu end partnership agreement,dqGernbFbzJ9-vM23ku_IW3-I2IPM,5,15,0
366,top four us carrier saw flight ground storm,dqGernbFbzJ9-vM23ku_IW3-I2IPM,5,15,0
367,american airlin jetblu end agreement,dqGernbFbzJ9-vM23ku_IW3-I2IPM,5,15,0
368,break connect american airlin jetblu sever agreement,dqGernbFbzJ9-vM23ku_IW3-I2IPM,5,15,0
369,american jetblu end interlin agreement,dqGernbFbzJ9-vM23ku_IW3-I2IPM,5,15,0
370,american airlin jetblu end interlin sale agreement reciproc,dqGernbFbzJ9-vM23ku_IW3-I2IPM,5,15,0
371,american airlin say storm caus feb flight cancel,dqGernbFbzJ9-vM23ku_IW3-I2IPM,5,15,0
372,american airlin jetblu end agreement allow connect,dqGernbFbzJ9-vM23ku_IW3-I2IPM,5,15,0
373,jetblu add nonstop servic washington dc,dqGernbFbzJ9-vM23ku_IW3-I2IPM,13,15,0
374,american airlin jetblu end interlin pact,dqGernbFbzJ9-vM23ku_IW3-I2IPM,5,15,0
375,american jetblu end interlin frequent travel program,dqGernbFbzJ9-vM23ku_IW3-I2IPM,5,15,0
376,delta expect first quarter profit despit hit winter storm,dqGernbFbzJ9-vM23ku_IW3-I2IPM,5,15,0
377,american airlin jetblu end ticket partnership,dqGernbFbzJ9-vM23ku_IW3-I2IPM,5,15,0
378,american airlin jetblu end agreement itinerari chang,dqGernbFbzJ9-vM23ku_IW3-I2IPM,5,15,0
379,american airlin cut tie jetblu,dqGernbFbzJ9-vM23ku_IW3-I2IPM,5,15,0
380,major u airlin tote effect winter storm,dqGernbFbzJ9-vM23ku_IW3-I2IPM,5,15,0
381,american drop februari flight due storm,dqGernbFbzJ9-vM23ku_IW3-I2IPM,5,15,0
382,american drop feb flight due storm,dqGernbFbzJ9-vM23ku_IW3-I2IPM,5,15,0
383,american airlin jetblu le divorc,dqGernbFbzJ9-vM23ku_IW3-I2IPM,5,15,0
384,bad weather prompt american cancel flight februari,dqGernbFbzJ9-vM23ku_IW3-I2IPM,5,15,0
385,jetblu airway corp receiv averag rate hold analyst,dqGernbFbzJ9-vM23ku_IW3-I2IPM,5,15,0
386,aa jetblu end ticket agreement,dqGernbFbzJ9-vM23ku_IW3-I2IPM,5,15,0
387,updat american airlin end ticket agreement jetblu,dqGernbFbzJ9-vM23ku_IW3-I2IPM,5,15,0
388,american airlin jetblu end itinerari extens agreement,dqGernbFbzJ9-vM23ku_IW3-I2IPM,5,15,0
389,american airlin end ticket agreement jetblu,dqGernbFbzJ9-vM23ku_IW3-I2IPM,5,15,0
390,american airlin jetblu end interlin agreement,dqGernbFbzJ9-vM23ku_IW3-I2IPM,5,15,0
391,jetblu airplan gate john f kennedi airport new york nov,dqGernbFbzJ9-vM23ku_IW3-I2IPM,5,15,0
392,american airlin jetblu end reciproc frequent flier deal,dqGernbFbzJ9-vM23ku_IW3-I2IPM,5,15,0
393,jetblu american airlin go differ way,dqGernbFbzJ9-vM23ku_IW3-I2IPM,5,15,0
394,american airlin jetblu airway discontinu partnership,dqGernbFbzJ9-vM23ku_IW3-I2IPM,5,15,0
395,american airlin aal load factor fell point feb affirm q prasm,dqGernbFbzJ9-vM23ku_IW3-I2IPM,5,15,0
396,american airlin jetblu airway termin partnership quick fact,dqGernbFbzJ9-vM23ku_IW3-I2IPM,5,15,0
397,american board public transit boom number,dccIdMgK1mPz2OMPNMfHccPwCkkaM,5,5,1
398,transit ridership reach highest level sinc,dccIdMgK1mPz2OMPNMfHccPwCkkaM,5,5,1
399,transit ridership drop portland despit rise u,dccIdMgK1mPz2OMPNMfHccPwCkkaM,5,5,1
400,public transit ridership nation,dccIdMgK1mPz2OMPNMfHccPwCkkaM,5,5,1
401,nation mass transit use trimet,dccIdMgK1mPz2OMPNMfHccPwCkkaM,5,5,1
402,public transit system ky see ridership loss,dccIdMgK1mPz2OMPNMfHccPwCkkaM,5,5,1
403,public transport reach highest level sinc,dccIdMgK1mPz2OMPNMfHccPwCkkaM,5,5,1
404,public transit ridership mostli tenn,dccIdMgK1mPz2OMPNMfHccPwCkkaM,5,5,1
405,american ride public transit record number ridership portland,dccIdMgK1mPz2OMPNMfHccPwCkkaM,5,5,1
406,spit trimet driver face assault union want hostil rider taken,dccIdMgK1mPz2OMPNMfHccPwCkkaM,10,5,0
407,transit ridership back track,dccIdMgK1mPz2OMPNMfHccPwCkkaM,5,5,1
408,mass transit use nation trimet ridership,dccIdMgK1mPz2OMPNMfHccPwCkkaM,5,5,1
409,american use public transit hit highest point year,dccIdMgK1mPz2OMPNMfHccPwCkkaM,5,5,1
410,colorado transit ride record rider growth,dccIdMgK1mPz2OMPNMfHccPwCkkaM,5,5,1
411,public transit boom,dccIdMgK1mPz2OMPNMfHccPwCkkaM,5,5,1
412,american use public transport ever,dccIdMgK1mPz2OMPNMfHccPwCkkaM,5,5,1
413,metro presid lobbi increas feder fund public transit,dccIdMgK1mPz2OMPNMfHccPwCkkaM,5,5,1
414,data american ride public transit record number,dccIdMgK1mPz2OMPNMfHccPwCkkaM,5,5,1
415,record number public transport trip taken,dccIdMgK1mPz2OMPNMfHccPwCkkaM,5,5,1
416,public transport use highest sinc,dccIdMgK1mPz2OMPNMfHccPwCkkaM,5,5,1
417,american hop aboard public transit highest level sinc,dccIdMgK1mPz2OMPNMfHccPwCkkaM,5,5,1
418,apta tout public transit ridership,dccIdMgK1mPz2OMPNMfHccPwCkkaM,5,5,1
419,get bu gu us post record public transit use,dccIdMgK1mPz2OMPNMfHccPwCkkaM,5,5,1
420,american transit ridership hit year high,dccIdMgK1mPz2OMPNMfHccPwCkkaM,5,5,1
421,record number public transit,dccIdMgK1mPz2OMPNMfHccPwCkkaM,5,5,1
422,public transit use reach record high,dccIdMgK1mPz2OMPNMfHccPwCkkaM,5,5,1
423,transit debat continu new report suggest high demand,dccIdMgK1mPz2OMPNMfHccPwCkkaM,4,5,0
424,us american airlin got land right,dccIdMgK1mPz2OMPNMfHccPwCkkaM,5,5,1
425,american ride public buse train subway record number,dccIdMgK1mPz2OMPNMfHccPwCkkaM,5,5,1
426,us post record mass transit use,dccIdMgK1mPz2OMPNMfHccPwCkkaM,5,5,1
427,pollen bird chirp check check way tell spring,dccIdMgK1mPz2OMPNMfHccPwCkkaM,13,5,0
428,public transport highest level sinc,dccIdMgK1mPz2OMPNMfHccPwCkkaM,5,5,1
429,american ride public transit record number interact,dccIdMgK1mPz2OMPNMfHccPwCkkaM,5,5,1
430,american use public transit record number highest ridership sinc,dccIdMgK1mPz2OMPNMfHccPwCkkaM,5,5,1
431,american ride public transit highest level sinc,dccIdMgK1mPz2OMPNMfHccPwCkkaM,5,5,1
432,nearli billion trip public transit mark america highest total,dccIdMgK1mPz2OMPNMfHccPwCkkaM,5,5,1
433,american ride public transport record number,dccIdMgK1mPz2OMPNMfHccPwCkkaM,5,5,1
434,american take public transit record number,dccIdMgK1mPz2OMPNMfHccPwCkkaM,5,5,1
435,metro see increas bu decreas rail ridership,dccIdMgK1mPz2OMPNMfHccPwCkkaM,5,5,1
436,wheel bu go around often,dccIdMgK1mPz2OMPNMfHccPwCkkaM,13,5,0
437,peopl rode public transit last year time last year,dccIdMgK1mPz2OMPNMfHccPwCkkaM,13,5,0
438,report american ride public transit record number,dccIdMgK1mPz2OMPNMfHccPwCkkaM,5,5,1
439,public transit u mani american ride,dccIdMgK1mPz2OMPNMfHccPwCkkaM,5,5,1
440,billion trip taken transit america last year sinc,dccIdMgK1mPz2OMPNMfHccPwCkkaM,5,5,1
441,us public transit ridership highest level sinc,dccIdMgK1mPz2OMPNMfHccPwCkkaM,5,5,1
442,american said ride public transit record number,dccIdMgK1mPz2OMPNMfHccPwCkkaM,5,5,1
443,american ride public transit,dccIdMgK1mPz2OMPNMfHccPwCkkaM,5,5,1
444,american hop aboard public transit record number ridership recov,dccIdMgK1mPz2OMPNMfHccPwCkkaM,5,5,1
445,public transit use highest level sinc,dccIdMgK1mPz2OMPNMfHccPwCkkaM,5,5,1
446,public transit use u year high report find,dccIdMgK1mPz2OMPNMfHccPwCkkaM,5,5,1
447,american use public transit record number,dccIdMgK1mPz2OMPNMfHccPwCkkaM,5,5,1
448,american make journey public transport year,dccIdMgK1mPz2OMPNMfHccPwCkkaM,5,5,1
449,list public transit system big ridership gain,dccIdMgK1mPz2OMPNMfHccPwCkkaM,5,5,1
450,stock slip discourag news asia,dJbOm1zHMJJGWuMjXPV4nRnytnmrM,13,4,0
451,could flight mh rescu bring china japan closer togeth,dJbOm1zHMJJGWuMjXPV4nRnytnmrM,12,4,0
452,stock discourag news asia,dJbOm1zHMJJGWuMjXPV4nRnytnmrM,13,4,0
453,crude drop soft chines trade figur,dJbOm1zHMJJGWuMjXPV4nRnytnmrM,13,4,0
454,us stock market trade lower investor weigh discourag news,dJbOm1zHMJJGWuMjXPV4nRnytnmrM,13,4,0
455,updat oil sink weak china data heat season end,dJbOm1zHMJJGWuMjXPV4nRnytnmrM,13,4,0
456,stock open lower discourag news asia,dJbOm1zHMJJGWuMjXPV4nRnytnmrM,13,4,0
457,us oil plaster weak chines export data end near,dJbOm1zHMJJGWuMjXPV4nRnytnmrM,13,4,0
458,us stock gloomi news asia,dJbOm1zHMJJGWuMjXPV4nRnytnmrM,13,4,0
459,stock slide discourag news asia,dJbOm1zHMJJGWuMjXPV4nRnytnmrM,13,4,0
460,amid concern weak chines japanes econom data market stutter,dJbOm1zHMJJGWuMjXPV4nRnytnmrM,13,4,0
461,wti crude fall sharpli china trade data weigh,dJbOm1zHMJJGWuMjXPV4nRnytnmrM,13,4,0
462,stock move lower discourag news asia,dJbOm1zHMJJGWuMjXPV4nRnytnmrM,13,4,0
463,oil fall around china japan data,dJbOm1zHMJJGWuMjXPV4nRnytnmrM,13,4,0
464,market kept check asian develop,dJbOm1zHMJJGWuMjXPV4nRnytnmrM,13,4,0
465,asian share slip weak china japan data,dJbOm1zHMJJGWuMjXPV4nRnytnmrM,13,4,0
466,brent slide toward chines export,dJbOm1zHMJJGWuMjXPV4nRnytnmrM,13,4,0
467,oil keep bite bear,dJbOm1zHMJJGWuMjXPV4nRnytnmrM,4,4,1
468,us stock market slip midday trade discourag news chines,dJbOm1zHMJJGWuMjXPV4nRnytnmrM,13,4,0
469,oil sink weak chines data end heat season,dJbOm1zHMJJGWuMjXPV4nRnytnmrM,13,4,0
470,us stock move lower gloomi news asia,dJbOm1zHMJJGWuMjXPV4nRnytnmrM,13,4,0
471,china export plung commod worri,dJbOm1zHMJJGWuMjXPV4nRnytnmrM,13,4,0
472,weak data japan china pressur crude oil,dJbOm1zHMJJGWuMjXPV4nRnytnmrM,13,4,0
473,stock slip disappoint asia news,dJbOm1zHMJJGWuMjXPV4nRnytnmrM,13,4,0
474,stock fall discourag news asia,dJbOm1zHMJJGWuMjXPV4nRnytnmrM,13,4,0
475,wall street digest weak china japan data,dJbOm1zHMJJGWuMjXPV4nRnytnmrM,13,4,0
476,crude oil futur slump underwhelm chines export data,dJbOm1zHMJJGWuMjXPV4nRnytnmrM,13,4,0
477,stock open lower gloomi news asia,dJbOm1zHMJJGWuMjXPV4nRnytnmrM,13,4,0
478,sbarro file ch reorgan,dJbOm1zHMJJGWuMjXPV4nRnytnmrM,17,4,0
479,wti brent crude fall china export drop signal slower growth,dJbOm1zHMJJGWuMjXPV4nRnytnmrM,13,4,0
480,oil futur fall china signal demand concern updat,dJbOm1zHMJJGWuMjXPV4nRnytnmrM,13,4,0
481,us stock open lower gloomi news asia,dJbOm1zHMJJGWuMjXPV4nRnytnmrM,13,4,0
482,oil fall china data suppli concern limit declin,dJbOm1zHMJJGWuMjXPV4nRnytnmrM,13,4,0
483,energi report,dJbOm1zHMJJGWuMjXPV4nRnytnmrM,10,4,0
484,stock futur fall discourag news asia,dJbOm1zHMJJGWuMjXPV4nRnytnmrM,13,4,0
485,crude oil drop barrel china japan data show weak trade,dJbOm1zHMJJGWuMjXPV4nRnytnmrM,13,4,0
486,stock lower discourag news asia,dJbOm1zHMJJGWuMjXPV4nRnytnmrM,13,4,0
487,stock open lower earli trade wall street,dJbOm1zHMJJGWuMjXPV4nRnytnmrM,13,4,0
488,us stock market edg lower discourag news chines export,dJbOm1zHMJJGWuMjXPV4nRnytnmrM,13,4,0
489,oil fall china signal demand concern,dJbOm1zHMJJGWuMjXPV4nRnytnmrM,13,4,0
490,world stock tumbl weak china trade lower estim japan growth,dJbOm1zHMJJGWuMjXPV4nRnytnmrM,13,4,0
491,us stock market open weak note discourag news chines,dJbOm1zHMJJGWuMjXPV4nRnytnmrM,13,4,0
492,oil price eas weak chines trade data,dJbOm1zHMJJGWuMjXPV4nRnytnmrM,13,4,0
493,crude brent oil fundament analysi march forecast,dJbOm1zHMJJGWuMjXPV4nRnytnmrM,13,4,0
494,crude oil futur fall china signal demand concern,dJbOm1zHMJJGWuMjXPV4nRnytnmrM,13,4,0
495,oil futur inch china worri,dJbOm1zHMJJGWuMjXPV4nRnytnmrM,13,4,0
496,oil fall us china data,dJbOm1zHMJJGWuMjXPV4nRnytnmrM,13,4,0
497,asia stock tumbl china trade data nikkei fall gdp,dJbOm1zHMJJGWuMjXPV4nRnytnmrM,13,4,0
498,asian share lower china trade data send dour signal,dJbOm1zHMJJGWuMjXPV4nRnytnmrM,13,4,0
499,asian stock tumbl weak china japan data,dJbOm1zHMJJGWuMjXPV4nRnytnmrM,13,4,0
500,nymex us crude dip china data suppli concern cap fall,dJbOm1zHMJJGWuMjXPV4nRnytnmrM,13,4,0
501,pizza maker sbarro file chapter,dKtO7lhuRoSQrcML_ZKdUpeniexeM,17,18,0
502,sbarro file bankruptci protect second time,dKtO7lhuRoSQrcML_ZKdUpeniexeM,17,18,0
503,pizza make sbarro file chapter,dKtO7lhuRoSQrcML_ZKdUpeniexeM,17,18,0
504,pizza chain sbarro file bankruptci,dKtO7lhuRoSQrcML_ZKdUpeniexeM,17,18,0
505,sbarro file second bankruptci protect,dKtO7lhuRoSQrcML_ZKdUpeniexeM,17,18,0
506,sbarro file anoth bankruptci protect,dKtO7lhuRoSQrcML_ZKdUpeniexeM,17,18,0
507,sbarro file nd bankruptci year,dKtO7lhuRoSQrcML_ZKdUpeniexeM,17,18,0
508,updat pizza chain sbarro file bankruptci protect,dKtO7lhuRoSQrcML_ZKdUpeniexeM,17,18,0
509,pizza chain file chapter,dKtO7lhuRoSQrcML_ZKdUpeniexeM,17,18,0
510,dilenschneid advis sbarro chapter,dKtO7lhuRoSQrcML_ZKdUpeniexeM,17,18,0
511,sbarro pizza chain sever restaur alabama file,dKtO7lhuRoSQrcML_ZKdUpeniexeM,17,18,0
512,sbarro closur leav hole mall st matthew food court,dKtO7lhuRoSQrcML_ZKdUpeniexeM,17,18,0
513,sbarro file bankruptci,dKtO7lhuRoSQrcML_ZKdUpeniexeM,17,18,0
514,sbarro file chapter reorgan,dKtO7lhuRoSQrcML_ZKdUpeniexeM,17,18,0
515,sbarro file chapter vow quick recoveri,dKtO7lhuRoSQrcML_ZKdUpeniexeM,17,18,0
516,sbarro pizza chain file bankruptci,dKtO7lhuRoSQrcML_ZKdUpeniexeM,17,18,0
517,rest stop pizza chain sbarro file bankruptci,dKtO7lhuRoSQrcML_ZKdUpeniexeM,17,18,0
518,second time year sbarro file bankruptci,dKtO7lhuRoSQrcML_ZKdUpeniexeM,17,18,0
519,sbarro file second bankruptci three year,dKtO7lhuRoSQrcML_ZKdUpeniexeM,17,18,0
520,pizza maker sbarro file chap bankruptci,dKtO7lhuRoSQrcML_ZKdUpeniexeM,17,18,0
521,dough sbarro pizza file bankruptci second time three,dKtO7lhuRoSQrcML_ZKdUpeniexeM,17,18,0
522,sbarro file bankruptci reorgan second time year,dKtO7lhuRoSQrcML_ZKdUpeniexeM,17,18,0
523,sbarro pizza chain file bankruptci second time three year,dKtO7lhuRoSQrcML_ZKdUpeniexeM,17,18,0
524,sbarro blame less mall traffic store close,dKtO7lhuRoSQrcML_ZKdUpeniexeM,17,18,0
525,burn crisp sbarro file bankruptci,dKtO7lhuRoSQrcML_ZKdUpeniexeM,17,18,0
526,sbarro file chapter bankruptci,dKtO7lhuRoSQrcML_ZKdUpeniexeM,17,18,0
527,sbarro file second ch petit sinc,dKtO7lhuRoSQrcML_ZKdUpeniexeM,17,18,0
528,sbarro file bankrupci nd time year,dKtO7lhuRoSQrcML_ZKdUpeniexeM,17,18,0
529,sbarro close oak court mall eateri file bankruptci protect,dKtO7lhuRoSQrcML_ZKdUpeniexeM,17,18,0
530,sbarro goe bankrupt second time,dKtO7lhuRoSQrcML_ZKdUpeniexeM,17,18,0
531,thing miss sbarro,dKtO7lhuRoSQrcML_ZKdUpeniexeM,17,18,0
532,sbarro return chapter prepack,dKtO7lhuRoSQrcML_ZKdUpeniexeM,17,18,0
533,sbarro seek reorgan bankruptci protect,dKtO7lhuRoSQrcML_ZKdUpeniexeM,17,18,0
534,pizza chain sbarro file ch bankruptci second time,dKtO7lhuRoSQrcML_ZKdUpeniexeM,17,18,0
535,melvil base sbarro pizza chain file bankruptci,dKtO7lhuRoSQrcML_ZKdUpeniexeM,17,18,0
536,sbarro offici file bankruptci protect second time sinc,dKtO7lhuRoSQrcML_ZKdUpeniexeM,17,18,0
537,sbarro pizza file bankruptci,dKtO7lhuRoSQrcML_ZKdUpeniexeM,17,18,0
538,pizza chain sbarro file bankruptci reorgan,dKtO7lhuRoSQrcML_ZKdUpeniexeM,17,18,0
539,mall pizza chain sbarro file chapter bankruptci protect,dKtO7lhuRoSQrcML_ZKdUpeniexeM,17,18,0
540,mall food court favorit file bankruptci,dKtO7lhuRoSQrcML_ZKdUpeniexeM,17,18,0
541,sbarro pizza chain file chapter bankruptci,dKtO7lhuRoSQrcML_ZKdUpeniexeM,17,18,0
542,sbarro declar bankruptci,dKtO7lhuRoSQrcML_ZKdUpeniexeM,17,18,0
543,account news roundup sbarro bankrupt pwc latest buy,dKtO7lhuRoSQrcML_ZKdUpeniexeM,17,18,0
544,sbarro pizza chain file second bankruptci three year,dKtO7lhuRoSQrcML_ZKdUpeniexeM,17,18,0
545,sbarro miss econom recoveri memo file bankruptci,dKtO7lhuRoSQrcML_ZKdUpeniexeM,17,18,0
546,sbarro file chapter bankruptci updat,dKtO7lhuRoSQrcML_ZKdUpeniexeM,17,18,0
547,sbarro pizza close store protect go bankrupt,dKtO7lhuRoSQrcML_ZKdUpeniexeM,13,18,0
548,pizza chain sbarro file bankruptci second time,dKtO7lhuRoSQrcML_ZKdUpeniexeM,17,18,0
549,sbarro pizza chain file chapter,dKtO7lhuRoSQrcML_ZKdUpeniexeM,17,18,0
550,sbarro file second bankruptci mall traffic dwindl,dKtO7lhuRoSQrcML_ZKdUpeniexeM,17,18,0
551,pizza chain sbarro back bankruptci court,dKtO7lhuRoSQrcML_ZKdUpeniexeM,17,18,0
552,sbarro reportedli prepar ch bankruptci,dKtO7lhuRoSQrcML_ZKdUpeniexeM,10,18,0
553,ukrain chines economi weigh,dzARZ-2rFA_38RMsnccLUHtF-_42M,10,10,1
554,financ news updat need know,dzARZ-2rFA_38RMsnccLUHtF-_42M,6,10,0
555,chines economi ukrain weigh,dzARZ-2rFA_38RMsnccLUHtF-_42M,10,10,1
556,lower amid ukrain crisi pessim,dzARZ-2rFA_38RMsnccLUHtF-_42M,10,10,1
557,aust dollar weaker earli trade,dzARZ-2rFA_38RMsnccLUHtF-_42M,7,10,0
558,west hurri loosen russia grip ga,dzARZ-2rFA_38RMsnccLUHtF-_42M,10,10,1
559,updat eu deal blow two big russian ga pipelin project,dzARZ-2rFA_38RMsnccLUHtF-_42M,10,10,1
560,eu delay talk russian pipelin,dzARZ-2rFA_38RMsnccLUHtF-_42M,10,10,1
561,four nation urg u ga export,dzARZ-2rFA_38RMsnccLUHtF-_42M,10,10,1
562,eu deal blow two big russian ga pipelin project,dzARZ-2rFA_38RMsnccLUHtF-_42M,10,10,1
563,europ call us natur ga export,dzARZ-2rFA_38RMsnccLUHtF-_42M,10,10,1
564,ukrain crisi lng stock focu analyst blog,dzARZ-2rFA_38RMsnccLUHtF-_42M,10,10,1
565,canada lng export industri could benefit ukrainian crisi,dzARZ-2rFA_38RMsnccLUHtF-_42M,10,10,1
566,germani depend russian ga pose risk europ,dzARZ-2rFA_38RMsnccLUHtF-_42M,10,10,1
567,ukrain caught russia tussl power west,dzARZ-2rFA_38RMsnccLUHtF-_42M,10,10,1
568,ukrain crisi could good news american natur ga produc,dzARZ-2rFA_38RMsnccLUHtF-_42M,10,10,1
569,white hous export natur ga europ ukrain answer,dzARZ-2rFA_38RMsnccLUHtF-_42M,10,10,1
570,russia could fend us lng plan europ,dzARZ-2rFA_38RMsnccLUHtF-_42M,10,10,1
571,eu put russia ga pipelin talk hold,dzARZ-2rFA_38RMsnccLUHtF-_42M,10,10,1
572,rand paul us anti energi polici empow russian aggress,dzARZ-2rFA_38RMsnccLUHtF-_42M,10,10,1
573,poland urg germani buy less russian ga,dzARZ-2rFA_38RMsnccLUHtF-_42M,10,10,1
574,london warn util exploit ukrainian crisi,dzARZ-2rFA_38RMsnccLUHtF-_42M,10,10,1
575,rice ukrain wake call,dzARZ-2rFA_38RMsnccLUHtF-_42M,10,10,1
576,rand paul plan save ukrain complet nut,dzARZ-2rFA_38RMsnccLUHtF-_42M,10,10,1
577,get involv ukrain,dzARZ-2rFA_38RMsnccLUHtF-_42M,9,10,0
578,credibl threat approach long run deterr russian european,dzARZ-2rFA_38RMsnccLUHtF-_42M,10,10,1
579,persist ukrain crisi may fuel energi polici rejig europ,dzARZ-2rFA_38RMsnccLUHtF-_42M,10,10,1
580,ukrain crisi lng stock focu,dzARZ-2rFA_38RMsnccLUHtF-_42M,10,10,1
581,russia could fend us lng plan,dzARZ-2rFA_38RMsnccLUHtF-_42M,10,10,1
582,german relianc russian ga threat,dzARZ-2rFA_38RMsnccLUHtF-_42M,10,10,1
583,ukrain crisi long term short term effect citi take,dzARZ-2rFA_38RMsnccLUHtF-_42M,12,10,0
584,oil natur ga weapon war,dzARZ-2rFA_38RMsnccLUHtF-_42M,10,10,1
585,armchair warrior wage phoney war,dzARZ-2rFA_38RMsnccLUHtF-_42M,10,10,1
586,russia soviet union,dzARZ-2rFA_38RMsnccLUHtF-_42M,10,10,1
587,energi ukrain sanction equat,dzARZ-2rFA_38RMsnccLUHtF-_42M,10,10,1
588,ukrain russia situat mislead investor,dzARZ-2rFA_38RMsnccLUHtF-_42M,10,10,1
589,russia polit tool gazprom threaten increas ga price,dzARZ-2rFA_38RMsnccLUHtF-_42M,10,10,1
590,wind power natur ga sell intern market,dzARZ-2rFA_38RMsnccLUHtF-_42M,10,10,1
591,capit prevent cold war ukrain nation,dzARZ-2rFA_38RMsnccLUHtF-_42M,10,10,1
592,german relianc russian ga threaten europ,dzARZ-2rFA_38RMsnccLUHtF-_42M,10,10,1
593,capit prevent cold war ukrain,dzARZ-2rFA_38RMsnccLUHtF-_42M,10,10,1
594,ukrain miss payment gazprom risk cut,dzARZ-2rFA_38RMsnccLUHtF-_42M,10,10,1
595,poland german relianc russian ga threaten europ,dzARZ-2rFA_38RMsnccLUHtF-_42M,10,10,1
596,ukrain eu neighbor see us ga russian hedg,dzARZ-2rFA_38RMsnccLUHtF-_42M,10,10,1
597,eu delay south stream talk russia,dzARZ-2rFA_38RMsnccLUHtF-_42M,10,10,1
598,lng export self limit,dzARZ-2rFA_38RMsnccLUHtF-_42M,10,10,1
599,central europ turn us natur ga,dzARZ-2rFA_38RMsnccLUHtF-_42M,10,10,1
600,ukrain russia nonexist us oil natur ga,dzARZ-2rFA_38RMsnccLUHtF-_42M,10,10,1
601,next geopolit horizon,dzARZ-2rFA_38RMsnccLUHtF-_42M,21,10,0
602,eu start prepar sanction russia,dzARZ-2rFA_38RMsnccLUHtF-_42M,10,10,1
603,us urg export lng respons russia ukrain crisi,dzARZ-2rFA_38RMsnccLUHtF-_42M,10,10,1
604,energi weapon,dzARZ-2rFA_38RMsnccLUHtF-_42M,10,10,1
605,eu delay polit talk russia plan south stream pipelin amid,dzARZ-2rFA_38RMsnccLUHtF-_42M,10,10,1
606,eu delay talk new russian pipelin,dzARZ-2rFA_38RMsnccLUHtF-_42M,10,10,1
607,understand realli happen ukrain follow ga line,dzARZ-2rFA_38RMsnccLUHtF-_42M,1,10,0
608,germani depend russian ga risk europ,dzARZ-2rFA_38RMsnccLUHtF-_42M,10,10,1
609,reuter germani depend russian ga pose risk europ say,dzARZ-2rFA_38RMsnccLUHtF-_42M,10,10,1
610,polish pm germani depend russian ga pose risk europ,dzARZ-2rFA_38RMsnccLUHtF-_42M,10,10,1
611,rand paul solut ukrain drill everi possibl conceiv place,dzARZ-2rFA_38RMsnccLUHtF-_42M,10,10,1
612,protest vanish ukrain,dzARZ-2rFA_38RMsnccLUHtF-_42M,10,10,1
613,rand paul would solv ukrain crisi drill everywher oil,dzARZ-2rFA_38RMsnccLUHtF-_42M,10,10,1
614,germani depend russian ga pose risk europ polish pm,dzARZ-2rFA_38RMsnccLUHtF-_42M,10,10,1
615,german relianc russian ga threaten europ say poland,dzARZ-2rFA_38RMsnccLUHtF-_42M,10,10,1
616,german relianc russian ga threaten europ poland,dzARZ-2rFA_38RMsnccLUHtF-_42M,10,10,1
617,ec delay russian south stream ga pipelin talk paper,dzARZ-2rFA_38RMsnccLUHtF-_42M,10,10,1
618,hous bill would allow us export natur ga ukrain europ,dzARZ-2rFA_38RMsnccLUHtF-_42M,10,10,1
619,send america natur ga ukrain,dzARZ-2rFA_38RMsnccLUHtF-_42M,10,10,1
620,washington use ukrain crisi push natur ga export asia,dzARZ-2rFA_38RMsnccLUHtF-_42M,10,10,1
621,rand paul let putin get away,dzARZ-2rFA_38RMsnccLUHtF-_42M,10,10,1
622,washwir daili brief russia ga grip,dzARZ-2rFA_38RMsnccLUHtF-_42M,10,10,1
623,energi market watch diplomat,dzARZ-2rFA_38RMsnccLUHtF-_42M,10,10,1
624,energi matter energi play big role conflict,dzARZ-2rFA_38RMsnccLUHtF-_42M,10,10,1
625,ukrain crisi excus rais energi price,dzARZ-2rFA_38RMsnccLUHtF-_42M,10,10,1
626,prodan price russian ga could stand,dzARZ-2rFA_38RMsnccLUHtF-_42M,10,10,1
627,wall street journal west tri loosen russia ga grip,dzARZ-2rFA_38RMsnccLUHtF-_42M,10,10,1
628,cheney obama gotten credibl alli,dzARZ-2rFA_38RMsnccLUHtF-_42M,15,10,0
629,sen rand paul us must take strong action putin aggress,dzARZ-2rFA_38RMsnccLUHtF-_42M,10,10,1
630,market impact russia crimean adventur,dzARZ-2rFA_38RMsnccLUHtF-_42M,13,10,0
631,nation urg us ga export amid ukrain crisi,dzARZ-2rFA_38RMsnccLUHtF-_42M,10,10,1
632,gazprom warn ukrain ga export cut usd billion,dzARZ-2rFA_38RMsnccLUHtF-_42M,10,10,1
633,aust dollar fall noon,dzARZ-2rFA_38RMsnccLUHtF-_42M,7,10,0
634,lower ukrain worri,dzARZ-2rFA_38RMsnccLUHtF-_42M,10,10,1
635,window westminst,dzARZ-2rFA_38RMsnccLUHtF-_42M,21,10,0
636,russia open equal dialogu west ukrain,dzARZ-2rFA_38RMsnccLUHtF-_42M,10,10,1
637,unit state natur ga never weaken russia posit,dzARZ-2rFA_38RMsnccLUHtF-_42M,10,10,1
638,fall ukrain tension escal,dzARZ-2rFA_38RMsnccLUHtF-_42M,10,10,1
639,america heed wake call ukrain,dzARZ-2rFA_38RMsnccLUHtF-_42M,10,10,1
640,eastern european countri paid much russian ga western one,dzARZ-2rFA_38RMsnccLUHtF-_42M,10,10,1
641,australian market set open lower,dzARZ-2rFA_38RMsnccLUHtF-_42M,13,10,0
642,four european nation appeal us natur ga export,dzARZ-2rFA_38RMsnccLUHtF-_42M,10,10,1
643,aedt monday local unit trade us cent sourc,dzARZ-2rFA_38RMsnccLUHtF-_42M,10,10,1
644,lower ukrain tension increas,dzARZ-2rFA_38RMsnccLUHtF-_42M,10,10,1
645,world polit pull ga pump,dzARZ-2rFA_38RMsnccLUHtF-_42M,10,10,1
646,make sens sanction,dzARZ-2rFA_38RMsnccLUHtF-_42M,8,10,0
647,ukrain us econom fiscal consequ conflict russia,dzARZ-2rFA_38RMsnccLUHtF-_42M,10,10,1
648,central european want us ga cut depend russia,dzARZ-2rFA_38RMsnccLUHtF-_42M,21,10,0
649,aust stock set open lower,dzARZ-2rFA_38RMsnccLUHtF-_42M,13,10,0
650,heavier sanction russia could backfir,dzARZ-2rFA_38RMsnccLUHtF-_42M,10,10,1
651,clear loser russia ukrain,dzARZ-2rFA_38RMsnccLUHtF-_42M,13,10,0
652,paul ryan call sanction russian oligarch,dzARZ-2rFA_38RMsnccLUHtF-_42M,10,10,1
653,ukrain see gazprom charg ga second quarter,dzARZ-2rFA_38RMsnccLUHtF-_42M,10,10,1
654,ukrain rattl europ still fragil recoveri,dzARZ-2rFA_38RMsnccLUHtF-_42M,13,10,0
655,eni ceo say ukrain wake call europ energi polici paper,dzARZ-2rFA_38RMsnccLUHtF-_42M,10,10,1
656,west posit threaten russia analyst,dzARZ-2rFA_38RMsnccLUHtF-_42M,10,10,1
657,bromund europ must wake new danger,dzARZ-2rFA_38RMsnccLUHtF-_42M,10,10,1
658,white hous play speedi role us natur ga ukrain,dzARZ-2rFA_38RMsnccLUHtF-_42M,10,10,1
659,updat white hous play speedi role us natur ga ukrain,dzARZ-2rFA_38RMsnccLUHtF-_42M,10,10,1
660,happen russia ukrain matter clean energi fuel chart,dzARZ-2rFA_38RMsnccLUHtF-_42M,10,10,1
661,white hous downplay role natur ga polici ukrain crisi,dzARZ-2rFA_38RMsnccLUHtF-_42M,10,10,1
662,american natur ga support global alli,dzARZ-2rFA_38RMsnccLUHtF-_42M,10,10,1
663,council europ offer monitor treatment minor ukrain,dzARZ-2rFA_38RMsnccLUHtF-_42M,10,10,1
664,ukrain crossroad,dzARZ-2rFA_38RMsnccLUHtF-_42M,10,10,1
665,busi highlight,d2OyTeAXDFQpb3M9Cr_Ftde6Ig0aM,7,9,0
666,boe chiquita big market mover,d2OyTeAXDFQpb3M9Cr_Ftde6Ig0aM,9,9,1
667,chiquita acquir fyff creat biggest banana supplier,d2OyTeAXDFQpb3M9Cr_Ftde6Ig0aM,9,9,1
668,chiquita combin fyff top banana,d2OyTeAXDFQpb3M9Cr_Ftde6Ig0aM,9,9,1
669,chiquitafyff merg creat world biggest banana compani,d2OyTeAXDFQpb3M9Cr_Ftde6Ig0aM,9,9,1
670,oil fall around china data,d2OyTeAXDFQpb3M9Cr_Ftde6Ig0aM,13,9,0
671,big banana merger might melon pineappl irish tax,d2OyTeAXDFQpb3M9Cr_Ftde6Ig0aM,9,9,1
672,market wrap chiquita biggest banana brand ebay reject icahn offer,d2OyTeAXDFQpb3M9Cr_Ftde6Ig0aM,9,9,1
673,next chapter global banana trade bloodi histori walmart,d2OyTeAXDFQpb3M9Cr_Ftde6Ig0aM,21,9,0
674,chiquita buy rival fyff million,d2OyTeAXDFQpb3M9Cr_Ftde6Ig0aM,9,9,1
675,world new top banana chiquita fyff merg,d2OyTeAXDFQpb3M9Cr_Ftde6Ig0aM,9,9,1
676,chiquita fyff merg make top banana,d2OyTeAXDFQpb3M9Cr_Ftde6Ig0aM,9,9,1
677,fyff chiquita team biggest bunch,d2OyTeAXDFQpb3M9Cr_Ftde6Ig0aM,9,9,1
678,european index swing lower,d2OyTeAXDFQpb3M9Cr_Ftde6Ig0aM,13,9,0
679,chiquita flyff merg becom world top banana supplier,d2OyTeAXDFQpb3M9Cr_Ftde6Ig0aM,9,9,1
680,banana price slip merger,d2OyTeAXDFQpb3M9Cr_Ftde6Ig0aM,9,9,1
681,world new top banana fruit giant chiquita fyff merg,d2OyTeAXDFQpb3M9Cr_Ftde6Ig0aM,9,9,1
682,second banana fruit giant chiquita fyff merg,d2OyTeAXDFQpb3M9Cr_Ftde6Ig0aM,9,9,1
683,chiquita fyff hope becom top banana global market,d2OyTeAXDFQpb3M9Cr_Ftde6Ig0aM,9,9,1
684,chiquita merg ireland fyff,d2OyTeAXDFQpb3M9Cr_Ftde6Ig0aM,9,9,1
685,merger mean charlott share chiquita dublin,d2OyTeAXDFQpb3M9Cr_Ftde6Ig0aM,9,9,1
686,timelin chiquita brand,d2OyTeAXDFQpb3M9Cr_Ftde6Ig0aM,9,9,1
687,big merger creat world largest banana compani,d2OyTeAXDFQpb3M9Cr_Ftde6Ig0aM,9,9,1
688,chiquita becom top banana fyff merger,d2OyTeAXDFQpb3M9Cr_Ftde6Ig0aM,9,9,1
689,chiquita fyff join make world biggest banana firm,d2OyTeAXDFQpb3M9Cr_Ftde6Ig0aM,9,9,1
690,chiquita banana seller nj root buy irish rival fyff deal,d2OyTeAXDFQpb3M9Cr_Ftde6Ig0aM,9,9,1
691,chiquita fyff merger dole longer top banana,d2OyTeAXDFQpb3M9Cr_Ftde6Ig0aM,9,9,1
692,updat chiquita fyff outlin benefit scale,d2OyTeAXDFQpb3M9Cr_Ftde6Ig0aM,9,9,1
693,fyff merger creat banana behemoth,d2OyTeAXDFQpb3M9Cr_Ftde6Ig0aM,9,9,1
694,share chiquita brand intern inc shine today,d2OyTeAXDFQpb3M9Cr_Ftde6Ig0aM,9,9,1
695,chiquita buy fyff creat world biggest banana supplier brand,d2OyTeAXDFQpb3M9Cr_Ftde6Ig0aM,9,9,1
696,banana giant chiquita fyff agre b merger,d2OyTeAXDFQpb3M9Cr_Ftde6Ig0aM,9,9,1
697,chiquita merg irish produc compani,d2OyTeAXDFQpb3M9Cr_Ftde6Ig0aM,9,9,1
698,chiquita brand intern rate lower underperform zack cqb,d2OyTeAXDFQpb3M9Cr_Ftde6Ig0aM,9,9,1
699,chiquita brand acquir fyff creat world biggest banana seller,d2OyTeAXDFQpb3M9Cr_Ftde6Ig0aM,9,9,1
700,world new top banana fruit giant chiquita us fyff europ,d2OyTeAXDFQpb3M9Cr_Ftde6Ig0aM,9,9,1
701,world new top banana,d2OyTeAXDFQpb3M9Cr_Ftde6Ig0aM,9,9,1
702,monday afternoon busi brief,d2OyTeAXDFQpb3M9Cr_Ftde6Ig0aM,7,9,0
703,top banana chiquita fyff merg,d2OyTeAXDFQpb3M9Cr_Ftde6Ig0aM,9,9,1
704,chrysler recal vehicl loosen russia energi grip fyff,d2OyTeAXDFQpb3M9Cr_Ftde6Ig0aM,10,9,0
705,charlott base chiquita merg irish fruit compani,d2OyTeAXDFQpb3M9Cr_Ftde6Ig0aM,9,9,1
706,chiquita merg fyff ireland becom world largest banana supplier,d2OyTeAXDFQpb3M9Cr_Ftde6Ig0aM,9,9,1
707,updat chiquita fyff join make world biggest banana firm,d2OyTeAXDFQpb3M9Cr_Ftde6Ig0aM,9,9,1
708,chiquita fyff creat world largest banana compani,d2OyTeAXDFQpb3M9Cr_Ftde6Ig0aM,9,9,1
709,suppli chain save banana merger,d2OyTeAXDFQpb3M9Cr_Ftde6Ig0aM,9,9,1
710,chiquita fyff creat world biggest banana group,d2OyTeAXDFQpb3M9Cr_Ftde6Ig0aM,9,9,1
711,new deal make chiquita world top banana compani,d2OyTeAXDFQpb3M9Cr_Ftde6Ig0aM,9,9,1
712,chiquita fyff merger creat world biggest banana supplier,d2OyTeAXDFQpb3M9Cr_Ftde6Ig0aM,9,9,1
713,fyff acquir chiquita brand,d2OyTeAXDFQpb3M9Cr_Ftde6Ig0aM,9,9,1
714,chiquita fyff merger creat top banana compani,d2OyTeAXDFQpb3M9Cr_Ftde6Ig0aM,9,9,1
715,chiquita merger mean violat charlott incent agreement,d2OyTeAXDFQpb3M9Cr_Ftde6Ig0aM,9,9,1
716,chiquita fyff merger creat world largest banana compani,d2OyTeAXDFQpb3M9Cr_Ftde6Ig0aM,9,9,1
717,chiquita cqb fyff fyfff merg becom world largest banana,d2OyTeAXDFQpb3M9Cr_Ftde6Ig0aM,9,9,1
718,fruit rival merg form world largest banana compani,d2OyTeAXDFQpb3M9Cr_Ftde6Ig0aM,9,9,1
719,meet new billion banana empir,d2OyTeAXDFQpb3M9Cr_Ftde6Ig0aM,9,9,1
720,chiquita deal birth world biggest banana firm,d2OyTeAXDFQpb3M9Cr_Ftde6Ig0aM,9,9,1
721,chiquita share climb fyff merger make new compani top banana,d2OyTeAXDFQpb3M9Cr_Ftde6Ig0aM,9,9,1
722,busi news market happen march,d2OyTeAXDFQpb3M9Cr_Ftde6Ig0aM,13,9,0
723,chiquita fyff make ireland banana republ,d2OyTeAXDFQpb3M9Cr_Ftde6Ig0aM,9,9,1
724,merger creat world biggest banana supplier,d2OyTeAXDFQpb3M9Cr_Ftde6Ig0aM,9,9,1
725,chiquitafyff merger save million logist procur,d2OyTeAXDFQpb3M9Cr_Ftde6Ig0aM,9,9,1
726,chiquita fyff agre billion merger deal th updat,d2OyTeAXDFQpb3M9Cr_Ftde6Ig0aM,9,9,1
727,chiquita merg fyff,d2OyTeAXDFQpb3M9Cr_Ftde6Ig0aM,9,9,1
728,chiquita brand intern inc nyse ccqb acquir fyff plc ffi,d2OyTeAXDFQpb3M9Cr_Ftde6Ig0aM,9,9,1
729,fyff chiquita get hitch,d2OyTeAXDFQpb3M9Cr_Ftde6Ig0aM,9,9,1
730,chiquita share price ralli acquir fyff plc creat largest banana,d2OyTeAXDFQpb3M9Cr_Ftde6Ig0aM,9,9,1
731,chiquita ireland fyff merg becom top banana supplier,d2OyTeAXDFQpb3M9Cr_Ftde6Ig0aM,9,9,1
732,chiquita combin dutch base compani,d2OyTeAXDFQpb3M9Cr_Ftde6Ig0aM,9,9,1
733,chiquita fyff merg creat world largest banana compani,d2OyTeAXDFQpb3M9Cr_Ftde6Ig0aM,9,9,1
734,chiquita ok fyff merger creat world largest banana supplier,d2OyTeAXDFQpb3M9Cr_Ftde6Ig0aM,9,9,1
735,chiquita buy fyff creat biggest banana supplier,d2OyTeAXDFQpb3M9Cr_Ftde6Ig0aM,9,9,1
736,chiquita fyff merg form world largest banana supplier,d2OyTeAXDFQpb3M9Cr_Ftde6Ig0aM,9,9,1
737,fyff share soar investor go banana chiquita deal,d2OyTeAXDFQpb3M9Cr_Ftde6Ig0aM,13,9,0
738,market ireland fyff merg chiquita origin banana republ fame,d2OyTeAXDFQpb3M9Cr_Ftde6Ig0aM,9,9,1
739,chiquita fyff blend creat top banana,d2OyTeAXDFQpb3M9Cr_Ftde6Ig0aM,9,9,1
740,charlott base chiquita set becom world largest banana supplier,d2OyTeAXDFQpb3M9Cr_Ftde6Ig0aM,9,9,1
741,chiquita fyff merger fli regul,d2OyTeAXDFQpb3M9Cr_Ftde6Ig0aM,9,9,1
742,merger make chiquita world biggest banana compani,d2OyTeAXDFQpb3M9Cr_Ftde6Ig0aM,9,9,1
743,banana busi fyff announc merger rival chiquita,d2OyTeAXDFQpb3M9Cr_Ftde6Ig0aM,9,9,1
744,chiquita merg fyff form world top banana firm,d2OyTeAXDFQpb3M9Cr_Ftde6Ig0aM,9,9,1
745,top banana chiquita fyff announc merger,d2OyTeAXDFQpb3M9Cr_Ftde6Ig0aM,9,9,1
746,chiquita fyff merg billion deal,d2OyTeAXDFQpb3M9Cr_Ftde6Ig0aM,9,9,1
747,top banana chiquita buy fyff,d2OyTeAXDFQpb3M9Cr_Ftde6Ig0aM,9,9,1
748,irish firm becom biggest banana supplier,d2OyTeAXDFQpb3M9Cr_Ftde6Ig0aM,9,9,1
749,chiquita fyff merg form world biggest banana compani,d2OyTeAXDFQpb3M9Cr_Ftde6Ig0aM,9,9,1
750,chiquita buy fyff,d2OyTeAXDFQpb3M9Cr_Ftde6Ig0aM,9,9,1
751,top banana fyff chiquita merg,d2OyTeAXDFQpb3M9Cr_Ftde6Ig0aM,9,9,1
752,chiquita part top banana compani,d2OyTeAXDFQpb3M9Cr_Ftde6Ig0aM,9,9,1
753,chiquita cqb today,d2OyTeAXDFQpb3M9Cr_Ftde6Ig0aM,9,9,1
754,chiquita brand intern cqb sharpli merger announc,d2OyTeAXDFQpb3M9Cr_Ftde6Ig0aM,9,9,1
755,cqb stock chiquita fyff creat world biggest banana firm,d2OyTeAXDFQpb3M9Cr_Ftde6Ig0aM,9,9,1
756,chiquita brand buy fyff form biggest banana compani,d2OyTeAXDFQpb3M9Cr_Ftde6Ig0aM,9,9,1
757,fyff merg us rival,d2OyTeAXDFQpb3M9Cr_Ftde6Ig0aM,9,9,1
758,merger make chiquitafyff top banana,d2OyTeAXDFQpb3M9Cr_Ftde6Ig0aM,9,9,1
759,share,d2OyTeAXDFQpb3M9Cr_Ftde6Ig0aM,13,9,0
760,chiquita brand fyff announc merger creat banana behemoth,d2OyTeAXDFQpb3M9Cr_Ftde6Ig0aM,9,9,1
761,fyff chiquita creat biggest banana firm,d2OyTeAXDFQpb3M9Cr_Ftde6Ig0aM,9,9,1
762,world largest banana compani born,d2OyTeAXDFQpb3M9Cr_Ftde6Ig0aM,9,9,1
763,chiquita fyff agre billion merger deal rd updat,d2OyTeAXDFQpb3M9Cr_Ftde6Ig0aM,9,9,1
764,fyff agre merger chiquita,d2OyTeAXDFQpb3M9Cr_Ftde6Ig0aM,9,9,1
765,chiquita ireland fyff merg form top banana supplier,d2OyTeAXDFQpb3M9Cr_Ftde6Ig0aM,9,9,1
766,fyff chiquita merger creat world largest banana compani,d2OyTeAXDFQpb3M9Cr_Ftde6Ig0aM,9,9,1
767,chiquita combin dublin base fyff creat world top banana,d2OyTeAXDFQpb3M9Cr_Ftde6Ig0aM,9,9,1
768,chiquita merg fyff hq dublin,d2OyTeAXDFQpb3M9Cr_Ftde6Ig0aM,9,9,1
769,chiquita brand merg fyff creat banana leader,d2OyTeAXDFQpb3M9Cr_Ftde6Ig0aM,9,9,1
770,chiquita fyff creat world lead banana compani,d2OyTeAXDFQpb3M9Cr_Ftde6Ig0aM,9,9,1
771,chiquita brand buy irish rival,d2OyTeAXDFQpb3M9Cr_Ftde6Ig0aM,9,9,1
772,hampshir fruit import merger becom top banana,d2OyTeAXDFQpb3M9Cr_Ftde6Ig0aM,9,9,1
773,top banana world biggest produc creat,d2OyTeAXDFQpb3M9Cr_Ftde6Ig0aM,9,9,1
774,appeal offer chiquita merg fyff make world largest banana,d2OyTeAXDFQpb3M9Cr_Ftde6Ig0aM,9,9,1
775,chiquita brand intern inc cqb news chiquita buy fyff creat,d2OyTeAXDFQpb3M9Cr_Ftde6Ig0aM,9,9,1
776,ireland fyff agre merger chiquita,d2OyTeAXDFQpb3M9Cr_Ftde6Ig0aM,9,9,1
777,chiquita buy fyff creat world biggest banana supplier,d2OyTeAXDFQpb3M9Cr_Ftde6Ig0aM,9,9,1
778,new deal creat world largest banana supplier,d2OyTeAXDFQpb3M9Cr_Ftde6Ig0aM,9,9,1
779,chiquita fyff agre billion merger deal nd updat,d2OyTeAXDFQpb3M9Cr_Ftde6Ig0aM,9,9,1
780,fyff chiquita creat largest banana firm,d2OyTeAXDFQpb3M9Cr_Ftde6Ig0aM,9,9,1
781,merger creat world top banana firm,d2OyTeAXDFQpb3M9Cr_Ftde6Ig0aM,9,9,1
782,chiquita fyff billion merger deal updat,d2OyTeAXDFQpb3M9Cr_Ftde6Ig0aM,9,9,1
783,news pictur march,d2OyTeAXDFQpb3M9Cr_Ftde6Ig0aM,13,9,0
784,banana fyff announc merger rival chiquita,d2OyTeAXDFQpb3M9Cr_Ftde6Ig0aM,9,9,1
785,rival merg base largest global banana firm ireland,d2OyTeAXDFQpb3M9Cr_Ftde6Ig0aM,9,9,1
786,u stock retreat emerg equiti metal china data,dn8H6sYjpAZnsgM2qvfMRDttKqhXM,13,13,1
787,world stock copper oil declin weak china export data,dn8H6sYjpAZnsgM2qvfMRDttKqhXM,13,13,1
788,world stock copper oil dip weak china export data,dn8H6sYjpAZnsgM2qvfMRDttKqhXM,13,13,1
789,hong kong china share sink weak data,dn8H6sYjpAZnsgM2qvfMRDttKqhXM,13,13,1
790,global market world stock copper oil dip weak china export data,dn8H6sYjpAZnsgM2qvfMRDttKqhXM,13,13,1
791,major averag stage recoveri attempt finish red,dn8H6sYjpAZnsgM2qvfMRDttKqhXM,13,13,1
792,chines yuan weak impact world,dn8H6sYjpAZnsgM2qvfMRDttKqhXM,13,13,1
793,hk list chines stock,dn8H6sYjpAZnsgM2qvfMRDttKqhXM,13,13,1
794,world stock copper oil fall weak china export,dn8H6sYjpAZnsgM2qvfMRDttKqhXM,13,13,1
795,china significantli weaken yuan,dn8H6sYjpAZnsgM2qvfMRDttKqhXM,13,13,1
796,global market world stock copper oil declin weak china export data,dn8H6sYjpAZnsgM2qvfMRDttKqhXM,13,13,1
797,chines weak trade data paus world stock,dn8H6sYjpAZnsgM2qvfMRDttKqhXM,13,13,1
798,sleep china hit stock copper,dn8H6sYjpAZnsgM2qvfMRDttKqhXM,13,13,1
799,global market world stock copper oil fall weak china export,dn8H6sYjpAZnsgM2qvfMRDttKqhXM,13,13,1
800,copper fall eight month low china fear,dn8H6sYjpAZnsgM2qvfMRDttKqhXM,13,13,1
801,global market world stock copper oil hit weak china export,dn8H6sYjpAZnsgM2qvfMRDttKqhXM,13,13,1
802,disappoint china export halt stock hammer commod,dn8H6sYjpAZnsgM2qvfMRDttKqhXM,13,13,1
803,world stock copper oil hit weak china export,dn8H6sYjpAZnsgM2qvfMRDttKqhXM,13,13,1
804,u stock retreat emerg equiti metal,dn8H6sYjpAZnsgM2qvfMRDttKqhXM,13,13,1
805,even adjust anomali china export slow,dn8H6sYjpAZnsgM2qvfMRDttKqhXM,13,13,1
806,us stock retreat emerg equiti china data,dn8H6sYjpAZnsgM2qvfMRDttKqhXM,13,13,1
807,copper slump amid fear slowdown china,dn8H6sYjpAZnsgM2qvfMRDttKqhXM,13,13,1
808,stock tumbl disappoint data,dn8H6sYjpAZnsgM2qvfMRDttKqhXM,13,13,1
809,lme offici export data add china assault copper,dn8H6sYjpAZnsgM2qvfMRDttKqhXM,13,13,1
810,yuan drop greenback chines export fall,dn8H6sYjpAZnsgM2qvfMRDttKqhXM,13,13,1
811,global market weak china export weigh stock hit commod,dn8H6sYjpAZnsgM2qvfMRDttKqhXM,13,13,1
812,china yuan impact world,dn8H6sYjpAZnsgM2qvfMRDttKqhXM,13,13,1
813,emerg market stock declin commod china weaken,dn8H6sYjpAZnsgM2qvfMRDttKqhXM,13,13,1
814,whistl past graveyard china st ever bond default,dn8H6sYjpAZnsgM2qvfMRDttKqhXM,12,13,0
815,china data rattl world market investor worri hard land,dn8H6sYjpAZnsgM2qvfMRDttKqhXM,13,13,1
816,weak chines trade data hit stock knock commod,dn8H6sYjpAZnsgM2qvfMRDttKqhXM,13,13,1
817,china learn rescu lame duck,dn8H6sYjpAZnsgM2qvfMRDttKqhXM,12,13,0
818,em morn roundup asia slump china weak export data,dn8H6sYjpAZnsgM2qvfMRDttKqhXM,13,13,1
819,goldman see china stock ralli decad low valuat,dn8H6sYjpAZnsgM2qvfMRDttKqhXM,13,13,1
820,bond default crisi china unlik year,dn8H6sYjpAZnsgM2qvfMRDttKqhXM,12,13,0
821,post shoaib ur rehman siddiqui,dn8H6sYjpAZnsgM2qvfMRDttKqhXM,18,13,0
822,shanghai copper slide pc china concern,dn8H6sYjpAZnsgM2qvfMRDttKqhXM,13,13,1
823,fail issuanc show grow risk awar,dn8H6sYjpAZnsgM2qvfMRDttKqhXM,3,13,0
824,disappoint chines export halt stock hammer commod,dn8H6sYjpAZnsgM2qvfMRDttKqhXM,13,13,1
825,risk china disappoint,dn8H6sYjpAZnsgM2qvfMRDttKqhXM,13,13,1
826,stock futur slightli coca cola cut execut pay chiquita top banana,dn8H6sYjpAZnsgM2qvfMRDttKqhXM,13,13,1
827,hong kong china share sink weak mainland data,dn8H6sYjpAZnsgM2qvfMRDttKqhXM,13,13,1
828,metal copper month low fear china deal could unwind,dn8H6sYjpAZnsgM2qvfMRDttKqhXM,13,13,1
829,china default chaori four five trust loan outstand,dn8H6sYjpAZnsgM2qvfMRDttKqhXM,12,13,0
830,chaori default spell reform china debt market,dn8H6sYjpAZnsgM2qvfMRDttKqhXM,12,13,0
831,manag voic concern china bond near default,dn8H6sYjpAZnsgM2qvfMRDttKqhXM,12,13,0
832,world stock paus commod fall,dn8H6sYjpAZnsgM2qvfMRDttKqhXM,13,13,1
833,stock commod hammer china data disappoint,dn8H6sYjpAZnsgM2qvfMRDttKqhXM,13,13,1
834,disappoint china export halt world stock hammer commod,dn8H6sYjpAZnsgM2qvfMRDttKqhXM,13,13,1
835,lme copper eight month low china demand fear,dn8H6sYjpAZnsgM2qvfMRDttKqhXM,13,13,1
836,copper cathod stock china shfe warehous rise th week,dn8H6sYjpAZnsgM2qvfMRDttKqhXM,13,13,1
837,hong kong share end sharpli lower china trade data,dn8H6sYjpAZnsgM2qvfMRDttKqhXM,13,13,1
838,video chaori default spell reform china debt market,dn8H6sYjpAZnsgM2qvfMRDttKqhXM,12,13,0
839,copper see slight fall uncertainti weigh sentiment,dn8H6sYjpAZnsgM2qvfMRDttKqhXM,15,13,0
840,world stock report global stock declin sluggish japan china,dn8H6sYjpAZnsgM2qvfMRDttKqhXM,13,13,1
841,china stock hit new low,dn8H6sYjpAZnsgM2qvfMRDttKqhXM,13,13,1
842,chines market get demolish,dn8H6sYjpAZnsgM2qvfMRDttKqhXM,9,13,0
843,china stock sink weak data,dn8H6sYjpAZnsgM2qvfMRDttKqhXM,13,13,1
844,china csi sink year low export slump weaken yuan,dn8H6sYjpAZnsgM2qvfMRDttKqhXM,13,13,1
845,copper sell continu weak metal price hit mth low,dn8H6sYjpAZnsgM2qvfMRDttKqhXM,13,13,1
846,hk stock close pct lower,dn8H6sYjpAZnsgM2qvfMRDttKqhXM,13,13,1
847,hk share biggest loss week anem china data,dn8H6sYjpAZnsgM2qvfMRDttKqhXM,13,13,1
848,china csi index plung five year low export slump,dn8H6sYjpAZnsgM2qvfMRDttKqhXM,13,13,1
849,hong konger hold parodi communist ralli,dn8H6sYjpAZnsgM2qvfMRDttKqhXM,13,13,1
850,shanghai copper price fall black monday,dn8H6sYjpAZnsgM2qvfMRDttKqhXM,13,13,1
851,commod china fear hit copper oil shanghai commod slump,dn8H6sYjpAZnsgM2qvfMRDttKqhXM,13,13,1
852,copper fall bed underscor china woe,dn8H6sYjpAZnsgM2qvfMRDttKqhXM,15,13,0
853,hong kong share biggest loss week anem china data,dn8H6sYjpAZnsgM2qvfMRDttKqhXM,13,13,1
854,interview peter hildebrand gener manag w hong kong,dn8H6sYjpAZnsgM2qvfMRDttKqhXM,11,13,0
855,china aluminium import fall februari,dn8H6sYjpAZnsgM2qvfMRDttKqhXM,9,13,0
856,shanghai copper slide pct china concern,dn8H6sYjpAZnsgM2qvfMRDttKqhXM,13,13,1
857,china stock slump lacklust econom indic,dn8H6sYjpAZnsgM2qvfMRDttKqhXM,13,13,1
858,hang seng shanghai plung close,dn8H6sYjpAZnsgM2qvfMRDttKqhXM,13,13,1
859,china rate yuan slide export surpris fuel monetari eas talk,dn8H6sYjpAZnsgM2qvfMRDttKqhXM,13,13,1
860,china csi share index year close low slowdown fear,dn8H6sYjpAZnsgM2qvfMRDttKqhXM,13,13,1
861,chines share sink growth data fear,dn8H6sYjpAZnsgM2qvfMRDttKqhXM,13,13,1
862,rout copper price continu chines trade data worri,dn8H6sYjpAZnsgM2qvfMRDttKqhXM,13,13,1
863,ident crisi standard crisi,dn8H6sYjpAZnsgM2qvfMRDttKqhXM,10,13,0
864,china stock fall eight month yuan drop trade,dn8H6sYjpAZnsgM2qvfMRDttKqhXM,13,13,1
865,comment landmark default dent confid china,dn8H6sYjpAZnsgM2qvfMRDttKqhXM,13,13,1
866,china share extend loss weak macro data csi per cent,dn8H6sYjpAZnsgM2qvfMRDttKqhXM,13,13,1
867,china share extend loss weak macro data csi pct,dn8H6sYjpAZnsgM2qvfMRDttKqhXM,13,13,1
868,chines brokerag drop plan shanghai ipo favour hong kong,dn8H6sYjpAZnsgM2qvfMRDttKqhXM,11,13,0
869,declin export knock confid chines growth,dn8H6sYjpAZnsgM2qvfMRDttKqhXM,13,13,1
870,lme asian wrap copper price fall china growth concern,dn8H6sYjpAZnsgM2qvfMRDttKqhXM,13,13,1
871,chaori sell solar farm repay bondhold default,dn8H6sYjpAZnsgM2qvfMRDttKqhXM,12,13,0
872,china csi index near month low hong kong sink,dn8H6sYjpAZnsgM2qvfMRDttKqhXM,13,13,1
873,copper slump worri china economi,dn8H6sYjpAZnsgM2qvfMRDttKqhXM,10,13,0
874,chaori corpor bond default financi stabil,dn8H6sYjpAZnsgM2qvfMRDttKqhXM,12,13,0
875,china csi index near mth low hong kong sink,dn8H6sYjpAZnsgM2qvfMRDttKqhXM,13,13,1
876,china stock seen ralli goldman valuat,dn8H6sYjpAZnsgM2qvfMRDttKqhXM,13,13,1
877,develop slump yuan drop close fund window china credit,dn8H6sYjpAZnsgM2qvfMRDttKqhXM,13,13,1
878,hong kong dump ground middl ipo,dn8H6sYjpAZnsgM2qvfMRDttKqhXM,11,13,0
879,pboc drop yuan,dn8H6sYjpAZnsgM2qvfMRDttKqhXM,13,13,1
880,asian share declin weak china data,dn8H6sYjpAZnsgM2qvfMRDttKqhXM,13,13,1
881,china export declin show growth goal challeng premier,dn8H6sYjpAZnsgM2qvfMRDttKqhXM,13,13,1
882,parodi protest march urg mainland reignit patriot,dn8H6sYjpAZnsgM2qvfMRDttKqhXM,10,13,0
883,journal say first default china corpor bond market unlik,dn8H6sYjpAZnsgM2qvfMRDttKqhXM,12,13,0
884,yuan drop pboc cut refer rate sinc juli,dn8H6sYjpAZnsgM2qvfMRDttKqhXM,13,13,1
885,copper iron ore futur grip panic sell,dn8H6sYjpAZnsgM2qvfMRDttKqhXM,13,13,1
886,copper slip asian stock china data ringgit weaken,dn8H6sYjpAZnsgM2qvfMRDttKqhXM,13,13,1
887,china csi plung five year low export slump,dn8H6sYjpAZnsgM2qvfMRDttKqhXM,13,13,1
888,hong kong h share head one month low china export slide,dn8H6sYjpAZnsgM2qvfMRDttKqhXM,13,13,1
889,hong kong h share set one month low china export,dn8H6sYjpAZnsgM2qvfMRDttKqhXM,13,13,1
890,big drop chines export fuel fear,dn8H6sYjpAZnsgM2qvfMRDttKqhXM,13,13,1
891,copper slip australian stock nikkei futur oil drop,dn8H6sYjpAZnsgM2qvfMRDttKqhXM,13,13,1
892,mainland stock exchang drop amid bond default,dn8H6sYjpAZnsgM2qvfMRDttKqhXM,12,13,0
893,chines carbon firm ahead emiss deadlin,dn8H6sYjpAZnsgM2qvfMRDttKqhXM,13,13,1
894,china growth goal challeng fall export factori price,dn8H6sYjpAZnsgM2qvfMRDttKqhXM,13,13,1
895,travel checklist money passport wallet rest bought,dn8H6sYjpAZnsgM2qvfMRDttKqhXM,17,13,0
896,copper plung chines default,dn8H6sYjpAZnsgM2qvfMRDttKqhXM,13,13,1
897,bond default,dn8H6sYjpAZnsgM2qvfMRDttKqhXM,12,13,0
898,foreign insur lobbi open guangdong market,dn8H6sYjpAZnsgM2qvfMRDttKqhXM,13,13,1
899,copper plung chines compani default,dn8H6sYjpAZnsgM2qvfMRDttKqhXM,13,13,1
900,chines trade figur deal blow confid,dn8H6sYjpAZnsgM2qvfMRDttKqhXM,13,13,1
901,world week ahead dark cloud china,dn8H6sYjpAZnsgM2qvfMRDttKqhXM,13,13,1
902,china challeng fall export factori price,dn8H6sYjpAZnsgM2qvfMRDttKqhXM,13,13,1
903,copper fall china concern,dn8H6sYjpAZnsgM2qvfMRDttKqhXM,13,13,1
904,china rise demand expat,dn8H6sYjpAZnsgM2qvfMRDttKqhXM,13,13,1
905,mainland stock exchang drop amid concern first corpor bond market,dn8H6sYjpAZnsgM2qvfMRDttKqhXM,12,13,0
906,chines women marri elderli hong kong men obtain resid,dn8H6sYjpAZnsgM2qvfMRDttKqhXM,11,13,0
907,copper post biggest declin sinc china demand concern,dn8H6sYjpAZnsgM2qvfMRDttKqhXM,13,13,1
908,china export unexpectedli declin blow confid,dn8H6sYjpAZnsgM2qvfMRDttKqhXM,13,13,1
909,sec ask municip bond seller report disclosur breach,dB-tpHT6UcWshiMWbl2RE5KjRPsJM,12,12,1
910,sec urg muni issuer underwrit report violat,dB-tpHT6UcWshiMWbl2RE5KjRPsJM,12,12,1
911,sec ask municip bond seller report disclosur violat,dB-tpHT6UcWshiMWbl2RE5KjRPsJM,12,12,1
912,sec launch enforc cooper initi municip issuer,dB-tpHT6UcWshiMWbl2RE5KjRPsJM,12,12,1
913,updat favor term us muni issuer report inaccuraci sec,dB-tpHT6UcWshiMWbl2RE5KjRPsJM,12,12,1
914,favor term us muni issuer report inaccuraci sec,dB-tpHT6UcWshiMWbl2RE5KjRPsJM,12,12,1
915,sec ask municip bond seller report violat,dB-tpHT6UcWshiMWbl2RE5KjRPsJM,12,12,1
916,new sec regul municip advisor underwrit take effect juli,dB-tpHT6UcWshiMWbl2RE5KjRPsJM,12,12,1
917,titanfal review roundup,dw0Jnfj8vEPaLZM8TQMSCbVaYeyrM,21,21,1
918,titanfal review buddi,dw0Jnfj8vEPaLZM8TQMSCbVaYeyrM,21,21,1
919,respawn titanfal server stabil microsoft azur hand,dw0Jnfj8vEPaLZM8TQMSCbVaYeyrM,21,21,1
920,titanfal resolut like increas patch,dw0Jnfj8vEPaLZM8TQMSCbVaYeyrM,21,21,1
921,xbox one titanfal bundl releas date tomorrow pre order price,dw0Jnfj8vEPaLZM8TQMSCbVaYeyrM,21,21,1
922,titanfal xbox one resolut like increas launch,dw0Jnfj8vEPaLZM8TQMSCbVaYeyrM,21,21,1
923,titanfal live action adapt develop trailer releas date reveal,dw0Jnfj8vEPaLZM8TQMSCbVaYeyrM,21,21,1
924,titanfal fan south africa ask ea let play,dw0Jnfj8vEPaLZM8TQMSCbVaYeyrM,21,21,1
925,titanfal xbox one like get resolut increas respawn say,dw0Jnfj8vEPaLZM8TQMSCbVaYeyrM,21,21,1
926,titanfal launch tuesday microsoft hope boost xbox sale,dw0Jnfj8vEPaLZM8TQMSCbVaYeyrM,21,21,1
927,xbox one titanfal bundl uk price drop hope shoot ps,dw0Jnfj8vEPaLZM8TQMSCbVaYeyrM,21,21,1
928,titanfal launch p xbox one,dw0Jnfj8vEPaLZM8TQMSCbVaYeyrM,21,21,1
929,xbox one may still get p titanfal post releas patch,dw0Jnfj8vEPaLZM8TQMSCbVaYeyrM,21,21,1
930,microsoft titanfal could game changer xbox one,dw0Jnfj8vEPaLZM8TQMSCbVaYeyrM,21,21,1
931,titanfal midnight releas locat gamestop best buy offer,dw0Jnfj8vEPaLZM8TQMSCbVaYeyrM,21,21,1
932,titanfal run p resolut xbox one may get postlaunch,dw0Jnfj8vEPaLZM8TQMSCbVaYeyrM,21,21,1
933,titanfal xbox one launch microsoft releas critic acclaim first person,dw0Jnfj8vEPaLZM8TQMSCbVaYeyrM,21,21,1
934,titanfal launch p xbox one resolut like increas,dw0Jnfj8vEPaLZM8TQMSCbVaYeyrM,21,21,1
935,titanfal increas resolut post launch,dw0Jnfj8vEPaLZM8TQMSCbVaYeyrM,21,21,1
936,titanfal ship p xbox one post releas resolut like increas,dw0Jnfj8vEPaLZM8TQMSCbVaYeyrM,21,21,1
937,titanfal wallpap window phone,dw0Jnfj8vEPaLZM8TQMSCbVaYeyrM,21,21,1
938,standbi titanfal talk respawn ceo vinc zampella,dw0Jnfj8vEPaLZM8TQMSCbVaYeyrM,21,21,1
939,microsoft xbox one titanfal anoth non p titl,dw0Jnfj8vEPaLZM8TQMSCbVaYeyrM,21,21,1
940,microsoft walt whitman store gird titanfal land,dw0Jnfj8vEPaLZM8TQMSCbVaYeyrM,21,21,1
941,toy r us offer game purchas titanfal,dw0Jnfj8vEPaLZM8TQMSCbVaYeyrM,20,21,0
942,titanfal offici p xbox one p,dw0Jnfj8vEPaLZM8TQMSCbVaYeyrM,21,21,1
943,titanfal review progress,dw0Jnfj8vEPaLZM8TQMSCbVaYeyrM,21,21,1
944,titanfal take aim cloud realli let design go crazi,dw0Jnfj8vEPaLZM8TQMSCbVaYeyrM,13,21,0
945,titanfal xbox one resolut confirm p like increas,dw0Jnfj8vEPaLZM8TQMSCbVaYeyrM,21,21,1
946,gamer get hand long await titanfal,dw0Jnfj8vEPaLZM8TQMSCbVaYeyrM,21,21,1
947,titanfal thunder game store monday night,dw0Jnfj8vEPaLZM8TQMSCbVaYeyrM,21,21,1
948,titanfal display p,dw0Jnfj8vEPaLZM8TQMSCbVaYeyrM,21,21,1
949,titanfal tuesday releas mean great deal xbox one find,dw0Jnfj8vEPaLZM8TQMSCbVaYeyrM,21,21,1
950,launch titanfal push xbox one limit,dw0Jnfj8vEPaLZM8TQMSCbVaYeyrM,21,21,1
951,insid claim titanfal alreadi help sell million xbox one consol,dw0Jnfj8vEPaLZM8TQMSCbVaYeyrM,21,21,1
952,titanfal review xbox one pc,dw0Jnfj8vEPaLZM8TQMSCbVaYeyrM,21,21,1
953,watch us play titanfal xbox one poorli right updat,dw0Jnfj8vEPaLZM8TQMSCbVaYeyrM,21,21,1
954,microsoft titanfal rais xbox one sale,dw0Jnfj8vEPaLZM8TQMSCbVaYeyrM,21,21,1
955,titanfal get live action content,dw0Jnfj8vEPaLZM8TQMSCbVaYeyrM,21,21,1
956,xbox one titanfal bundl price drop,dw0Jnfj8vEPaLZM8TQMSCbVaYeyrM,21,21,1
957,titanfal xbox one frame rate uneven struggl lot even p,dw0Jnfj8vEPaLZM8TQMSCbVaYeyrM,21,21,1
958,review round titanfal xbox one pc,dw0Jnfj8vEPaLZM8TQMSCbVaYeyrM,21,21,1
959,news snatch titanfal special releas time resolut rank,dw0Jnfj8vEPaLZM8TQMSCbVaYeyrM,21,21,1
960,titanfal review,dw0Jnfj8vEPaLZM8TQMSCbVaYeyrM,21,21,1
961,respawn launch site teas origin titanfal stori content,dw0Jnfj8vEPaLZM8TQMSCbVaYeyrM,21,21,1
962,titanfal like see resolut bump post releas xbox one,dw0Jnfj8vEPaLZM8TQMSCbVaYeyrM,21,21,1
963,microsoft xbox last life,dw0Jnfj8vEPaLZM8TQMSCbVaYeyrM,13,21,0
964,respawn patch increas xbox one titanfal p resolut like,dw0Jnfj8vEPaLZM8TQMSCbVaYeyrM,21,21,1
965,respawn titanfal set launch,dw0Jnfj8vEPaLZM8TQMSCbVaYeyrM,21,21,1
966,titanfal review roundup price download dlc xbox one pc spec,dw0Jnfj8vEPaLZM8TQMSCbVaYeyrM,21,21,1
967,respawn consid patch p support xbox one titanfal,dw0Jnfj8vEPaLZM8TQMSCbVaYeyrM,21,21,1
968,titanfal xbox one resolut updat readi releas,dw0Jnfj8vEPaLZM8TQMSCbVaYeyrM,21,21,1
969,next gen start tomorrow titanfal launch,dw0Jnfj8vEPaLZM8TQMSCbVaYeyrM,21,21,1
970,titanfal xbox one like get improv resolut launch,dw0Jnfj8vEPaLZM8TQMSCbVaYeyrM,21,21,1
971,titanfal releas date near twitter predict outsel battlefield,dw0Jnfj8vEPaLZM8TQMSCbVaYeyrM,13,21,0
972,buy titanfal month xbox live membership target save,dw0Jnfj8vEPaLZM8TQMSCbVaYeyrM,21,21,1
973,titanfal launch parti toronto,dw0Jnfj8vEPaLZM8TQMSCbVaYeyrM,21,21,1
974,insid microsoft sell xbox one without kinect near futur,dw0Jnfj8vEPaLZM8TQMSCbVaYeyrM,21,21,1
975,titanfal xbox one struggl framer despit p resolut,dw0Jnfj8vEPaLZM8TQMSCbVaYeyrM,21,21,1
976,titanfal live action adapt come,dw0Jnfj8vEPaLZM8TQMSCbVaYeyrM,21,21,1
977,high re hope titanfal could hit p patch,dw0Jnfj8vEPaLZM8TQMSCbVaYeyrM,4,21,0
978,game inbox arkham knight footbal manag vita titanfal,dw0Jnfj8vEPaLZM8TQMSCbVaYeyrM,16,21,0
979,titanfal review bring posit prior upcom launch,dw0Jnfj8vEPaLZM8TQMSCbVaYeyrM,21,21,1
980,addict titanfal,dw0Jnfj8vEPaLZM8TQMSCbVaYeyrM,21,21,1
981,titanfal review multiplay first person shooter get addict,dw0Jnfj8vEPaLZM8TQMSCbVaYeyrM,21,21,1
982,titanfal gameplay basic releas date dlc everyth els need,dw0Jnfj8vEPaLZM8TQMSCbVaYeyrM,6,21,0
983,microsoft place big bet titanfal xbox one,dw0Jnfj8vEPaLZM8TQMSCbVaYeyrM,21,21,1
984,titanfal earli review round,dw0Jnfj8vEPaLZM8TQMSCbVaYeyrM,21,21,1
985,titanfal review round simciti battlefield taught review lesson,dw0Jnfj8vEPaLZM8TQMSCbVaYeyrM,21,21,1
986,titanfal run p xbox one,dw0Jnfj8vEPaLZM8TQMSCbVaYeyrM,21,21,1
987,titanfal xbox one resolut titanfal xbox one resolut p like,dw0Jnfj8vEPaLZM8TQMSCbVaYeyrM,21,21,1
988,titanfal releas date tuesday physic copi requir day one updat,dw0Jnfj8vEPaLZM8TQMSCbVaYeyrM,21,21,1
989,earli uk titanfal player ban probabl,dw0Jnfj8vEPaLZM8TQMSCbVaYeyrM,21,21,1
990,level quickli titanfal,dw0Jnfj8vEPaLZM8TQMSCbVaYeyrM,1,21,0
991,titanfal captur flag tripl threat,dw0Jnfj8vEPaLZM8TQMSCbVaYeyrM,21,21,1
992,titanfal xbox one may bump p patch,dw0Jnfj8vEPaLZM8TQMSCbVaYeyrM,21,21,1
993,respawn use microsoft azur cloud server make titanfal smarter,dw0Jnfj8vEPaLZM8TQMSCbVaYeyrM,21,21,1
994,titanfal resolut may boost post launch patch,dw0Jnfj8vEPaLZM8TQMSCbVaYeyrM,21,21,1
995,titanfal requir day one patch updat earli xbox one player report,dw0Jnfj8vEPaLZM8TQMSCbVaYeyrM,21,21,1
996,readi titanfal,dw0Jnfj8vEPaLZM8TQMSCbVaYeyrM,21,21,1
997,review titanfal breath new life bore fp genr,dw0Jnfj8vEPaLZM8TQMSCbVaYeyrM,21,21,1
998,titanfal joystiq review,dw0Jnfj8vEPaLZM8TQMSCbVaYeyrM,21,21,1
999,titanfal prepar revolut,dw0Jnfj8vEPaLZM8TQMSCbVaYeyrM,10,21,0
1000,microsoft share price titanfal seen game changer xbox one,dw0Jnfj8vEPaLZM8TQMSCbVaYeyrM,21,21,1
1001,titanfal review round heavyweight,dw0Jnfj8vEPaLZM8TQMSCbVaYeyrM,21,21,1
1002,titanfal life better titan trailer get extend cut,dw0Jnfj8vEPaLZM8TQMSCbVaYeyrM,21,21,1
1003,xba review titanfal xbox one,dw0Jnfj8vEPaLZM8TQMSCbVaYeyrM,21,21,1
1004,dual ing impress discuss titanfal launch day eve,dw0Jnfj8vEPaLZM8TQMSCbVaYeyrM,21,21,1
1005,titanfal worthi good bad hype review,dw0Jnfj8vEPaLZM8TQMSCbVaYeyrM,21,21,1
1006,tip play titanfal,dw0Jnfj8vEPaLZM8TQMSCbVaYeyrM,21,21,1
1007,titanfal great probabl consol seller microsoft hope,dw0Jnfj8vEPaLZM8TQMSCbVaYeyrM,21,21,1
1008,titanfal review prime deliveri,dw0Jnfj8vEPaLZM8TQMSCbVaYeyrM,21,21,1
1009,liveplay titanfal reveal,dw0Jnfj8vEPaLZM8TQMSCbVaYeyrM,17,21,0
1010,review titanfal tower,dw0Jnfj8vEPaLZM8TQMSCbVaYeyrM,21,21,1
1011,everyth titanfal gigant left us want,dw0Jnfj8vEPaLZM8TQMSCbVaYeyrM,21,21,1
1012,titanfal review call duti robot,dw0Jnfj8vEPaLZM8TQMSCbVaYeyrM,21,21,1
1013,titanfal launch review,dw0Jnfj8vEPaLZM8TQMSCbVaYeyrM,21,21,1
1014,titanfal review new xbox one multiplay shooter worth buy new,dw0Jnfj8vEPaLZM8TQMSCbVaYeyrM,21,21,1
1015,titanfal xbox one resolut could improv post launch patch say,dw0Jnfj8vEPaLZM8TQMSCbVaYeyrM,21,21,1
1016,make break game microsoft msft xbox one launch tomorrow,dw0Jnfj8vEPaLZM8TQMSCbVaYeyrM,21,21,1
1017,titanfal launch p resolut xbox one,dw0Jnfj8vEPaLZM8TQMSCbVaYeyrM,21,21,1
1018,live action titanfal trailer get extend cut,dw0Jnfj8vEPaLZM8TQMSCbVaYeyrM,21,21,1
1019,respawn may patch titanfal higher resolut xbox one,dw0Jnfj8vEPaLZM8TQMSCbVaYeyrM,21,21,1
1020,titanfal exact time player start play digit copi tonight,dw0Jnfj8vEPaLZM8TQMSCbVaYeyrM,21,21,1
1021,titanfal lead pre order chart releas,dw0Jnfj8vEPaLZM8TQMSCbVaYeyrM,21,21,1
1022,titanfal resolut could increas futur patch,dw0Jnfj8vEPaLZM8TQMSCbVaYeyrM,21,21,1
1023,titanfal releas date microsoft bank xbox one exclus titl,dw0Jnfj8vEPaLZM8TQMSCbVaYeyrM,21,21,1
1024,titanfal launch tuesday xbox one top ps,dw0Jnfj8vEPaLZM8TQMSCbVaYeyrM,21,21,1
1025,titanfal give microsoft electron art plenti sale ammo,dw0Jnfj8vEPaLZM8TQMSCbVaYeyrM,21,21,1
1026,microsoft hope titan size game success revers xbox one fall,dw0Jnfj8vEPaLZM8TQMSCbVaYeyrM,21,21,1
1027,respawn look increas titanfal p resolut xbox one post launch,dw0Jnfj8vEPaLZM8TQMSCbVaYeyrM,21,21,1
1028,titanfal come uk,dw0Jnfj8vEPaLZM8TQMSCbVaYeyrM,17,21,0
1029,titanfal xbox one download time announc respawn,dw0Jnfj8vEPaLZM8TQMSCbVaYeyrM,21,21,1
1030,tomorrow titanfal launch import day xbox one yet,dw0Jnfj8vEPaLZM8TQMSCbVaYeyrM,21,21,1
1031,titanfal ship p xbox one respawn target p,dw0Jnfj8vEPaLZM8TQMSCbVaYeyrM,21,21,1
1032,titanfal xbox one confirm p resolut,dw0Jnfj8vEPaLZM8TQMSCbVaYeyrM,21,21,1
1033,titanfal review ea spectacular shooter good everyon think,dw0Jnfj8vEPaLZM8TQMSCbVaYeyrM,21,21,1
1034,titanfal theme xbox one consol given respawn employe,dw0Jnfj8vEPaLZM8TQMSCbVaYeyrM,21,21,1
1035,titanfal launch preload game instant gratif,dw0Jnfj8vEPaLZM8TQMSCbVaYeyrM,21,21,1
1036,closer look titanfal secret weapon microsoft cloud,dw0Jnfj8vEPaLZM8TQMSCbVaYeyrM,19,21,0
1037,titanfal first real digit test xbox one,dw0Jnfj8vEPaLZM8TQMSCbVaYeyrM,21,21,1
1038,respawn entertain jon shire titanfal use microsoft cloud,dw0Jnfj8vEPaLZM8TQMSCbVaYeyrM,21,21,1
1039,reason excit titanfal,dw0Jnfj8vEPaLZM8TQMSCbVaYeyrM,21,21,1
1040,titanfal teas live action content,dw0Jnfj8vEPaLZM8TQMSCbVaYeyrM,21,21,1
1041,titanfal pc player use workaround play earli may get ban,dw0Jnfj8vEPaLZM8TQMSCbVaYeyrM,21,21,1
1042,titanfal pre load avail tomorrow launch us video,dw0Jnfj8vEPaLZM8TQMSCbVaYeyrM,21,21,1
1043,titanfal ship p xbox one,dw0Jnfj8vEPaLZM8TQMSCbVaYeyrM,21,21,1
1044,titanfal reviv microsoft xbox one sale,dw0Jnfj8vEPaLZM8TQMSCbVaYeyrM,21,21,1
1045,microsoft hope titanfal boost xbox one sale,dw0Jnfj8vEPaLZM8TQMSCbVaYeyrM,21,21,1
1046,titanfal ban hammer quick judg,dw0Jnfj8vEPaLZM8TQMSCbVaYeyrM,21,21,1
1047,titanfal shi get real,dw0Jnfj8vEPaLZM8TQMSCbVaYeyrM,21,21,1
1048,mb titanfal day one patch live xbox one,dw0Jnfj8vEPaLZM8TQMSCbVaYeyrM,21,21,1
1049,titanfal best place get one upon releas,dw0Jnfj8vEPaLZM8TQMSCbVaYeyrM,21,21,1
1050,titanfal pre load avail global releas time announc,dw0Jnfj8vEPaLZM8TQMSCbVaYeyrM,21,21,1
1051,titanfal set midnight releas event sydney,dw0Jnfj8vEPaLZM8TQMSCbVaYeyrM,13,21,0
1052,video game news rumor,dw0Jnfj8vEPaLZM8TQMSCbVaYeyrM,21,21,1
1053,space battl may hold key microsoft xbox one,dw0Jnfj8vEPaLZM8TQMSCbVaYeyrM,21,21,1
1054,want titanfal video,dw0Jnfj8vEPaLZM8TQMSCbVaYeyrM,21,21,1
1055,titanfal mb day one updat,dw0Jnfj8vEPaLZM8TQMSCbVaYeyrM,21,21,1
1056,titanfal pre releas date deal twist,dw0Jnfj8vEPaLZM8TQMSCbVaYeyrM,21,21,1
1057,titanfal bring xbox one sale,dw0Jnfj8vEPaLZM8TQMSCbVaYeyrM,21,21,1
1058,earli pc titanfal player may get ban hammer,dw0Jnfj8vEPaLZM8TQMSCbVaYeyrM,21,21,1
1059,titanfal live action seri inbound,dw0Jnfj8vEPaLZM8TQMSCbVaYeyrM,21,21,1
1060,art titanfal review,dw0Jnfj8vEPaLZM8TQMSCbVaYeyrM,21,21,1
1061,earli titanfal livestream risk twitch ban,dw0Jnfj8vEPaLZM8TQMSCbVaYeyrM,21,21,1
1062,standbi titanfal pc player pre load via origin,dw0Jnfj8vEPaLZM8TQMSCbVaYeyrM,21,21,1
1063,titanfal gb uncompress audio file say user,dw0Jnfj8vEPaLZM8TQMSCbVaYeyrM,21,21,1
1064,titanfal xbox one resolut hit p final build claim gamer pc strive,dw0Jnfj8vEPaLZM8TQMSCbVaYeyrM,21,21,1
1065,titanfal live action content produc playfight,dw0Jnfj8vEPaLZM8TQMSCbVaYeyrM,21,21,1
1066,infam second son vs titanfal launch event unveil surpris infam,dw0Jnfj8vEPaLZM8TQMSCbVaYeyrM,21,21,1
1067,origin may ban earli titanfal player,dw0Jnfj8vEPaLZM8TQMSCbVaYeyrM,21,21,1
1068,titanfal day one patch big,dw0Jnfj8vEPaLZM8TQMSCbVaYeyrM,21,21,1
1069,chanc play titanfal seahawk star richard sherman,dw0Jnfj8vEPaLZM8TQMSCbVaYeyrM,21,21,1
1070,titanfal pc avail preload,dw0Jnfj8vEPaLZM8TQMSCbVaYeyrM,21,21,1
1071,titanfal good news come regard australian server,dw0Jnfj8vEPaLZM8TQMSCbVaYeyrM,21,21,1
1072,best place buy titanfal march,dw0Jnfj8vEPaLZM8TQMSCbVaYeyrM,21,21,1
1073,titanfal live action content teas,dw0Jnfj8vEPaLZM8TQMSCbVaYeyrM,21,21,1
1074,australian titanfal server like respawn ceo teas good news soon,dw0Jnfj8vEPaLZM8TQMSCbVaYeyrM,21,21,1
1075,live action titanfal collabor incom,dw0Jnfj8vEPaLZM8TQMSCbVaYeyrM,21,21,1
1076,titanfal promot site teas live action content,dw0Jnfj8vEPaLZM8TQMSCbVaYeyrM,21,21,1
1077,buy titanfal month live membership best buy save,dw0Jnfj8vEPaLZM8TQMSCbVaYeyrM,21,21,1
1078,orion death star destroy planet even form,ddMsNh_ZO_dFyUMVRJr3gBnMqYMjM,3,3,1
1079,real life death star deadlier darth vader astronom find,ddMsNh_ZO_dFyUMVRJr3gBnMqYMjM,3,3,1
1080,studi involv cu show deadli relationship huge type star,ddMsNh_ZO_dFyUMVRJr3gBnMqYMjM,3,3,1
1081,death star orion blast planet even form,ddMsNh_ZO_dFyUMVRJr3gBnMqYMjM,3,3,1
1082,death star destroy protoplanet orion nebula,ddMsNh_ZO_dFyUMVRJr3gBnMqYMjM,3,3,1
1083,orion death star kill planet form,ddMsNh_ZO_dFyUMVRJr3gBnMqYMjM,3,3,1
1084,death star orion master life allow new cycl planet format,ddMsNh_ZO_dFyUMVRJr3gBnMqYMjM,3,3,1
1085,death star orion wreak havoc planet even develop,ddMsNh_ZO_dFyUMVRJr3gBnMqYMjM,3,3,1
1086,type death star orion blast proplyd dust,ddMsNh_ZO_dFyUMVRJr3gBnMqYMjM,3,3,1
1087,death star wreck havoc orion nebula,ddMsNh_ZO_dFyUMVRJr3gBnMqYMjM,3,3,1
1088,genghi khan benefit climat chang,dYRPyd6HqIPIS_MW7vO0rcnAOciKM,19,19,1
1089,warm wet climat aid mongol empir expans year ago studi,dYRPyd6HqIPIS_MW7vO0rcnAOciKM,19,19,1
1090,clue genghi khan rise written ring ancient tree,dYRPyd6HqIPIS_MW7vO0rcnAOciKM,19,19,1
1091,genghi khan rode climat chang take asia,dYRPyd6HqIPIS_MW7vO0rcnAOciKM,19,19,1
1092,genghi khan secret weapon rain,dYRPyd6HqIPIS_MW7vO0rcnAOciKM,19,19,1
1093,genghi khan rose power thank period wet warm weather,dYRPyd6HqIPIS_MW7vO0rcnAOciKM,19,19,1
1094,genghi khan conquest aid stretch nice weather tree ring read,dYRPyd6HqIPIS_MW7vO0rcnAOciKM,19,19,1
1095,good weather lead greatest land empir time,dYRPyd6HqIPIS_MW7vO0rcnAOciKM,9,19,0
1096,climat alter mongolian past present,dYRPyd6HqIPIS_MW7vO0rcnAOciKM,19,19,1
1097,climat genghi khan ancient time extend long shadow asia today,dYRPyd6HqIPIS_MW7vO0rcnAOciKM,19,19,1
1098,eleph judg human threat ethnic profil,dscOtqgWdviOnVMXq31YgCRenTRqM,1,1,1
1099,eleph tell human friend foe voic,dscOtqgWdviOnVMXq31YgCRenTRqM,1,1,1
1100,eleph prove discern listen us human,dscOtqgWdviOnVMXq31YgCRenTRqM,1,1,1
1101,eleph attun human voic,dscOtqgWdviOnVMXq31YgCRenTRqM,1,1,1
1102,eleph gaug threat human voic studi,dscOtqgWdviOnVMXq31YgCRenTRqM,1,1,1
1103,horton realli hear studi find eleph discern among,dscOtqgWdviOnVMXq31YgCRenTRqM,1,1,1
1104,eleph recognis human voic,dscOtqgWdviOnVMXq31YgCRenTRqM,1,1,1
1105,eleph kenya prove discern listen human voic,dscOtqgWdviOnVMXq31YgCRenTRqM,1,1,1
1106,eleph never forget human languag,dscOtqgWdviOnVMXq31YgCRenTRqM,1,1,1
1107,eleph gaug threat human voic studi find,dscOtqgWdviOnVMXq31YgCRenTRqM,1,1,1
1108,eleph distinguish sound individu human voic,dscOtqgWdviOnVMXq31YgCRenTRqM,1,1,1
1109,eleph never forget voic,dscOtqgWdviOnVMXq31YgCRenTRqM,1,1,1
1110,studi wild eleph discern human languag voic,dscOtqgWdviOnVMXq31YgCRenTRqM,1,1,1
1111,eleph distinguish human voic sex age ethnic studi say,dscOtqgWdviOnVMXq31YgCRenTRqM,1,1,1
1112,eleph tell differ human languag sens danger,dscOtqgWdviOnVMXq31YgCRenTRqM,1,1,1
1113,eleph judg threat human languag studi,dscOtqgWdviOnVMXq31YgCRenTRqM,1,1,1
1114,eleph distinguish voic human languag,dscOtqgWdviOnVMXq31YgCRenTRqM,1,1,1
1115,eleph recognis human languag,dscOtqgWdviOnVMXq31YgCRenTRqM,1,1,1
1116,studi eleph distinguish human languag voic,dscOtqgWdviOnVMXq31YgCRenTRqM,1,1,1
1117,eleph deciph human voic better,dscOtqgWdviOnVMXq31YgCRenTRqM,1,1,1
1118,eleph differ languag,dscOtqgWdviOnVMXq31YgCRenTRqM,1,1,1
1119,eleph differenti languag,dscOtqgWdviOnVMXq31YgCRenTRqM,1,1,1
1120,eleph realli intellig creatur guess age even ethnic,dscOtqgWdviOnVMXq31YgCRenTRqM,1,1,1
1121,eleph react human voic,dscOtqgWdviOnVMXq31YgCRenTRqM,1,1,1
1122,eleph distinguish human voic,dscOtqgWdviOnVMXq31YgCRenTRqM,1,1,1
1123,dr seuss right eleph prove discern listen us human,dscOtqgWdviOnVMXq31YgCRenTRqM,1,1,1
1124,eleph tell human voic apart,dscOtqgWdviOnVMXq31YgCRenTRqM,1,1,1
1125,smart eleph,dscOtqgWdviOnVMXq31YgCRenTRqM,1,1,1
1126,eleph learn understand human,dscOtqgWdviOnVMXq31YgCRenTRqM,1,1,1
1127,eleph quickli distinguish voic ethnic group,dscOtqgWdviOnVMXq31YgCRenTRqM,1,1,1
1128,phenomena,dscOtqgWdviOnVMXq31YgCRenTRqM,22,1,0
1129,news,dUtPmDoOKHwco0M4wh2hZy-Sx5CrM,13,22,0
1130,mt gox file bankruptci us face hack,dUtPmDoOKHwco0M4wh2hZy-Sx5CrM,17,22,0
1131,mt gox file us bankruptci oppon call ruse,dUtPmDoOKHwco0M4wh2hZy-Sx5CrM,17,22,0
1132,follow japan file mt gox file bankruptci protect us,dUtPmDoOKHwco0M4wh2hZy-Sx5CrM,17,22,0
1133,mt gox rumor pocket bitcoin report stolen,dUtPmDoOKHwco0M4wh2hZy-Sx5CrM,17,22,0
1134,japanes bitcoin exchang file us bankruptci case,dUtPmDoOKHwco0M4wh2hZy-Sx5CrM,17,22,0
1135,mt gox file u bankruptci protect,dUtPmDoOKHwco0M4wh2hZy-Sx5CrM,17,22,0
1136,bitcoin exchang mt gox move protect us asset,dUtPmDoOKHwco0M4wh2hZy-Sx5CrM,17,22,0
1137,fallout collaps japanes bitcoin exchang prompt bankruptci file,dUtPmDoOKHwco0M4wh2hZy-Sx5CrM,17,22,0
1138,bitcoin exchang mt gox file us bankruptci amid fraud alleg,dUtPmDoOKHwco0M4wh2hZy-Sx5CrM,17,22,0
1139,mt gox file us bankruptci case,dUtPmDoOKHwco0M4wh2hZy-Sx5CrM,17,22,0
1140,bitcoin exchang file us bankruptci,dUtPmDoOKHwco0M4wh2hZy-Sx5CrM,17,22,0
1141,bitcoin exchang file bankruptci,dUtPmDoOKHwco0M4wh2hZy-Sx5CrM,17,22,0
1142,japanes bitcoin exchang mt gox file us bankruptci case,dUtPmDoOKHwco0M4wh2hZy-Sx5CrM,17,22,0
1143,mtgox file us bankruptci protect put lawsuit hold,dUtPmDoOKHwco0M4wh2hZy-Sx5CrM,17,22,0
1144,bitcoin trader hit mt gox crash,dUtPmDoOKHwco0M4wh2hZy-Sx5CrM,17,22,0
1145,mt gox bitcoin exchang seek bankruptci dalla,dUtPmDoOKHwco0M4wh2hZy-Sx5CrM,17,22,0
1146,japanes bitcoin exchang file us bankruptci case dalla,dUtPmDoOKHwco0M4wh2hZy-Sx5CrM,17,22,0
1147,bitcoin exchang file bankruptci us court,dUtPmDoOKHwco0M4wh2hZy-Sx5CrM,17,22,0
1148,legal fallout collaps japan mt gox bitcoin exchang prompt us,dUtPmDoOKHwco0M4wh2hZy-Sx5CrM,17,22,0
1149,updat mt gox file us bankruptci oppon call ruse,dUtPmDoOKHwco0M4wh2hZy-Sx5CrM,17,22,0
1150,bitcoin exchang mt gox file u bankruptci death spiral continu,dUtPmDoOKHwco0M4wh2hZy-Sx5CrM,17,22,0
1151,mt gox bankrupt accus hack oh,dUtPmDoOKHwco0M4wh2hZy-Sx5CrM,17,22,0
1152,japanes bitcoin exchang file us bankruptci case updat,dUtPmDoOKHwco0M4wh2hZy-Sx5CrM,17,22,0
1153,bitcoin exchang mt gox file bankruptci protect us,dUtPmDoOKHwco0M4wh2hZy-Sx5CrM,17,22,0
1154,million bitcoin heist may insid job,dUtPmDoOKHwco0M4wh2hZy-Sx5CrM,21,22,0
1155,mt gox get us bankruptci protect halt lawsuit,dUtPmDoOKHwco0M4wh2hZy-Sx5CrM,17,22,0
1156,bitcoin exchang mt gox file bankruptci us nd updat,dUtPmDoOKHwco0M4wh2hZy-Sx5CrM,17,22,0
1157,use hand govern bitcoin theft justifi,dUtPmDoOKHwco0M4wh2hZy-Sx5CrM,17,22,0
1158,mt gox file us bankruptci hacker publish compani record,dUtPmDoOKHwco0M4wh2hZy-Sx5CrM,17,22,0
1159,mt gox ceo lie massiv bitcoin theft accord alleg hacker,dUtPmDoOKHwco0M4wh2hZy-Sx5CrM,17,22,0
1160,time career chang bitcoin belov robber baron,dUtPmDoOKHwco0M4wh2hZy-Sx5CrM,17,22,0
1161,mt gox japanes bitcoin exchang file us bankruptci halt class action,dUtPmDoOKHwco0M4wh2hZy-Sx5CrM,17,22,0
1162,mt gox file us bankruptci protect bitcoin news roundup,dUtPmDoOKHwco0M4wh2hZy-Sx5CrM,17,22,0
1163,mt gox file us bankruptci halt class,dUtPmDoOKHwco0M4wh2hZy-Sx5CrM,17,22,0
1164,mt gox file bankruptci within us,dUtPmDoOKHwco0M4wh2hZy-Sx5CrM,17,22,0
1165,hacker break mt gox server claim compani still custom,dUtPmDoOKHwco0M4wh2hZy-Sx5CrM,17,22,0
1166,grain lower livestock mostli higher,dUtPmDoOKHwco0M4wh2hZy-Sx5CrM,13,22,0
1167,rate unchang weekli us treasuri auction,dUtPmDoOKHwco0M4wh2hZy-Sx5CrM,13,22,0
1168,mt gox file bankruptci us stop lawsuit,dUtPmDoOKHwco0M4wh2hZy-Sx5CrM,17,22,0
1169,bitcoin exchang file bankruptci protect dalla,dUtPmDoOKHwco0M4wh2hZy-Sx5CrM,17,22,0
1170,mt gox ceo hack day u bankruptci file,dUtPmDoOKHwco0M4wh2hZy-Sx5CrM,17,22,0
1171,mt gox bitcoin exchang file bankruptci us,dUtPmDoOKHwco0M4wh2hZy-Sx5CrM,17,22,0
1172,mt gox file us bankruptci halt class action suit,dUtPmDoOKHwco0M4wh2hZy-Sx5CrM,17,22,0
1173,hacker continu attack bitcoin exchang mt gox seek bankruptci,dUtPmDoOKHwco0M4wh2hZy-Sx5CrM,17,22,0
1174,bitcoin exchang mt gox file bankruptci us updat,dUtPmDoOKHwco0M4wh2hZy-Sx5CrM,17,22,0
1175,hacker attack blog mt gox bitcoin exchang ceo look proof fraud,dUtPmDoOKHwco0M4wh2hZy-Sx5CrM,17,22,0
1176,go bitcoin,dUtPmDoOKHwco0M4wh2hZy-Sx5CrM,13,22,0
1177,mtgox bitcoin databas leak onlin hacker crowdsourc clue,dUtPmDoOKHwco0M4wh2hZy-Sx5CrM,17,22,0
1178,bitcoin exchang currenc valu news mt gox hack leak excel,dUtPmDoOKHwco0M4wh2hZy-Sx5CrM,17,22,0
1179,saga continu mtgox file bankruptci us,dUtPmDoOKHwco0M4wh2hZy-Sx5CrM,17,22,0
1180,bitcoin news mt gox ceo accus hoard stolen coin,dUtPmDoOKHwco0M4wh2hZy-Sx5CrM,17,22,0
1181,mt gox hack claim show real custom balanc,dUtPmDoOKHwco0M4wh2hZy-Sx5CrM,17,22,0
1182,fail bitcoin exchang mt gox file bankruptci protect u halt,dUtPmDoOKHwco0M4wh2hZy-Sx5CrM,17,22,0
1183,march,dUtPmDoOKHwco0M4wh2hZy-Sx5CrM,13,22,0
1184,mt gox file bankruptci u ceo account hack,dUtPmDoOKHwco0M4wh2hZy-Sx5CrM,17,22,0
1185,queen bankruptci attorney bruce feinstein esq speak issu,dUtPmDoOKHwco0M4wh2hZy-Sx5CrM,17,22,0
1186,bitcoin exchang mt gox get hack accus underst loss,dUtPmDoOKHwco0M4wh2hZy-Sx5CrM,17,22,0
1187,bitcoin exchang mtgox hack time per second,dUtPmDoOKHwco0M4wh2hZy-Sx5CrM,17,22,0
1188,report mt gox face attack per second,dUtPmDoOKHwco0M4wh2hZy-Sx5CrM,17,22,0
